source, target
Hai kết quả: + việt quất = ngựa | + rắn hổ mang việt quất = cò cá voi, Quy tắc: + Z = X
Hai kết quả: nho + nho + nho = | đại bàng + đại bàng + đại bàng =, Quy tắc: Y + Y + Y =
Hai kết quả: lê * việt quất lê - | trâu * chim cánh cụt đào trâu -, Quy tắc: Y * Z Y -
Hai kết quả: cá voi cò = cò - | chim cánh cụt cá voi chim cánh cụt nho = chim cánh cụt cá voi -, Quy tắc: Y X = Y -
Hai kết quả: chim cánh cụt đào đào đào - = + chim cánh cụt đào | chuối chuối - = + chuối, Quy tắc: Y Y - = + Y
Hai kết quả: + quả việt quất con dấu táo - = | + dưa hấu ngựa vằn - =, Quy tắc: + Z Y - =
Hai kết quả: = cá mập cò = + | = hải cẩu trâu hải cẩu = +, Quy tắc: = X Z = +
Hai kết quả: - cá mập ngựa vằn đào = | - hải cẩu ngựa vằn đào =, Quy tắc: - Y X Z =
Hai kết quả: = trâu cá mập * + dưa hấu | = chim cánh cụt * + trâu, Quy tắc: = Y * + Z
Hai kết quả: - - chuột chuột + trâu ngựa | - - ngựa vằn + dâu tây, Quy tắc: - - Y + Z
Hai kết quả: = ngựa vằn đại bàng - | = hải cẩu dâu đen dưa hấu -, Quy tắc: = Z X -
Hai kết quả: - = nho = nho | - = cá mập = rắn hổ mang dâu đen, Quy tắc: - = Y = X
Hai kết quả: nho = + sư tử - nho | dâu tây cá mập = + sư tử dâu đen - dâu cá mập, Quy tắc: X = + Z - X
Hai kết quả: * = cò lê chim cánh cụt lê lê | * = dâu trâu ngựa vằn, Quy tắc: * = Z X
Hai kết quả: = + cò đại bàng chuối chuối dâu | = + rắn hổ mang nho chuối cá mập chuột, Quy tắc: = + X Y Z
Hai kết quả: ngựa vằn blackberry blackberry zebra * + | dâu ngựa dâu tây ngựa * +, Quy tắc: Z Z * +
Hai kết quả: kiwi - = kiwi | kiwi đào - = kiwi đào, Quy tắc: Y - = Y
Hai kết quả: cá voi dâu tây + cò ngựa vằn = | lê chuột + sư tử sư tử dâu đen đào =, Quy tắc: X + Z Y =
Hai kết quả: * * ngựa vằn chuối - | * * chim cánh cụt nho -, Quy tắc: * * Z Y -
Hai kết quả: cò việt quất dâu vằn * - cò việt quất + | cò vằn việt quất * - việt quất +, Quy tắc: Y X * - X +
Hai kết quả: rắn hổ mang - dưa hấu dâu đen - rắn hổ mang | cá voi nho - đại bàng - cá voi nho, Quy tắc: Y - X - Y
Hai kết quả: * trâu táo + = chim cánh cụt | * dâu tây + = cá voi, Quy tắc: * X + = Z
Hai kết quả: * lê dâu đen nho = lê dâu đen | * sư tử đại bàng blackberry = sư tử đại bàng, Quy tắc: * Y Z = Y
Hai kết quả: = dâu táo + táo dâu = | = cò dưa hấu + cò dưa hấu =, Quy tắc: = X + X =
Hai kết quả: con dấu chuột * - - cá mập việt quất | dưa hấu ngựa vằn * - - ngựa vằn, Quy tắc: Y * - - X
Hai kết quả: + chuột chuối lê chuối lê + | + đào dâu đen +, Quy tắc: + X Y Y + +
Hai kết quả: blueberry buffalo blueberry buffalo zebra shark = - - | chim cánh cụt cá mập đại bàng = - -, Quy tắc: X X Z = - -
Hai kết quả: chuối chuối chuối chuối = - rắn hổ mang | dâu tây = - kiwi chuột, Quy tắc: Y Y = - Z
Hai kết quả: cá voi * * cá voi | chuột ngựa* * chuột ngựa, Quy tắc: X * * X
Hai kết quả: * đại bàng cá voi + - rắn hổ mang lê | * trâu + - kiwi việt quất, Quy tắc: * X + - Z
Hai kết quả: = + cò + | = + chim cánh cụt kiwi trâu +, Quy tắc: = + X Z +
Hai kết quả: * + táo dâu đen + lê dâu tây | * + hải cẩu lê + chim cánh cụt hải cẩu trâu, Quy tắc: * + Y + X Z
Hai kết quả: + việt quất chuối việt quất * chuối việt quất = | + trâu việt quất * việt quất =, Quy tắc: + Z Y * Z =
Hai kết quả: chuột - kiwi + kiwi | chuột nho - đại bàng + đại bàng, Quy tắc: Z - Y + Y
Hai kết quả: - = + cá mập cá mập lê | - = + dâu tây nho táo ngựa vằn, Quy tắc: - = + Z Y
Hai kết quả: = đại bàng trâu = chuột | = cò táo = trâu lê, Quy tắc: = Z = X
Hai kết quả: cò = cò = = | nho = nho = =, Quy tắc: Y = Y = =
Hai kết quả: - dưa hấu chuối - | - chim cánh cụt cá mập ngựa việt quất -, Quy tắc: - Y X -
Hai kết quả: + * chuối + ngựa | + * chuối đại bàng + chuột sư tử, Quy tắc: + * X + Z
Hai kết quả: ngựa vằn ngựa vằn = nho dâu đen - - | chuối chuối = dâu tây - -, Quy tắc: Y Y = X - -
Hai kết quả: dưa hấu - + rắn hổ mang | kiwi táo - + ngựa vằn, Quy tắc: X - + Y
Hai kết quả: * + con dấu nho cò ngựa vằn | * + ngựa vằn sư tử chuối, Quy tắc: * + X Z Y
Hai kết quả: đại bàng - nho lê đại bàng * | đào - đào *, Quy tắc: X - X Z *
Hai kết quả: = cá voi rắn hổ mang - rắn hổ mang | = cò blackberry - kiwi, Quy tắc: = X - Z
Hai kết quả: - sư tử lê +* lê | - rắn hổ mang sư tử rắn hổ mang kiwi + * rắn hổ mang sư tử, Quy tắc: - X Y + * X
Hai kết quả: đại bàng - = đại bàng đại bàng | nho - = nho nho, Quy tắc: Z - = Z Z
Hai kết quả: + rắn hổ mang việt quất ngựa + - | + lê chuối + -, Quy tắc: + Y X + -
Hai kết quả: cá voi chim cánh cụt * cò = | kiwi * lê =, Quy tắc: X * Z =
Hai kết quả: - = chuột chuột + | - = rắn hổ mang đào đào +, Quy tắc: - = X X +
Hai kết quả: + * blackberry blackberry | + * ngựa, Quy tắc: + * Y Y
Hai kết quả: + dưa hấu = = dưa hấu | + blackberry = blackberry, Quy tắc: + X = X
Hai kết quả: dưa hấu đào + - dưa hấu - | táo kiwi dưa hấu + - dưa hấu -, Quy tắc: Z Y + - Y -
Hai kết quả: blackberry nho blackberry = + | dâu tây chuột nho dâu tây = +, Quy tắc: Z Y Z = +
Hai kết quả: chuột nho cá voi dưa hấu - + | cá mập đại bàng - +, Quy tắc: Y Z - +
Hai kết quả: sư tử chim cánh cụt chuối * - sư tử + | hải cẩu ngựa cò * - hải cẩu ngựa +, Quy tắc: Z Y * - Y +
Hai kết quả: sư tử nho - = * sư tử | ngựa - = * rắn hổ mang, Quy tắc: Z - = * X
Hai kết quả: - đào sư tử ngựa vằn chuột + - | - ngựa chim cánh cụt ngựa + -, Quy tắc: - Z Y X + -
Hai kết quả: = rắn hổ mang dâu + - cá mập | = nho + - ngựa, Quy tắc: = X + - Y
Hai kết quả: - ngựa việt quất * kiwi chuột | - cò * rắn hổ mang, Quy tắc: - Z * Y
Hai kết quả: + đào * cá mập + | + cá voi kiwi * táo chim cánh cụt +, Quy tắc: + Y * X +
Hai kết quả: cá voi việt quất rắn hổ mang - + cá voi việt quất | sư tử trâu lê - + sư tử, Quy tắc: Y Z - + Z
Hai kết quả: chim cánh cụt = chim cánh cụt - chim cánh cụt = | sư tử = sư tử - sư tử =, Quy tắc: Z = Z - Z =
Hai kết quả: * * rắn hổ mang đại bàng rắn hổ mang | * * đại bàng đại bàng, Quy tắc: * * X X
Hai kết quả: * cá voi dưa hấu cá voi dưa hấu * | * dưa hấu dưa hấu *, Quy tắc: * Y Y *
Hai kết quả: cá mập sư tử đại bàng ngựa * * | cá voi táo dưa hấu chuột đào * *, Quy tắc: Z X Y * *
Hai kết quả: = đại bàng cá voi = cá voi | = hải cẩu lê đào = hải cẩu, Quy tắc: = X Y = X
Hai kết quả: + lê dâu đen ngựa vằn - | + hải cẩu dưa hấu việt quất -, Quy tắc: + Z Y X -
Hai kết quả: rắn hổ mang nho * rắn hổ mang trâu rắn hổ mang trâu * | lê * ngựa chuột ngựa chuột *, Quy tắc: Y * X X *
Hai kết quả: dâu tây = trâu + kiwi việt quất | nho cá voi = blackberry blackberry + nho, Quy tắc: Z = Y + X
Hai kết quả: * táo * táo * | * chuối* chuối*, Quy tắc: * X * X *
Hai kết quả: * chim cánh cụt lê - trâu * cá voi | * đại bàng - ngựa vằn kiwi * lê đào, Quy tắc: * X - Z * Y
Hai kết quả: cá voi voi * * | cá mập dưa hấu dưa hấu cá mập * *, Quy tắc: X X * *
Hai kết quả: dâu tây chim cánh cụt - ngựa đào = * | đào - blackberry = *, Quy tắc: Z - X = *
Hai kết quả: chuối * - lê | kiwi rắn hổ mang * - dưa hấu, Quy tắc: Y * - Z
Hai kết quả: cá mập rắn hổ mang hải cẩu * - | chuột dâu * -, Quy tắc: Z Y * -
Hai kết quả: = * - táo trâu cá voi trâu táo trâu | = * - đào ngựa dâu đen đào ngựa, Quy tắc: = * - Y X Y
Hai kết quả: sư tử hải cẩu - hải cẩu sư tử đại bàng việt quất * | sư tử - cá mập nho sư tử*, Quy tắc: Y - Y X *
Hai kết quả: nho* việt quất + đại bàng + | ngựa vằn * việt quất đào + rắn hổ mang blackberry +, Quy tắc: Z * X + Y +
Hai kết quả: blackberry * cá voi + + | ngựa vằn cá mập * dưa hấu blackberry + +, Quy tắc: Z * X + +
Hai kết quả: * rắn hổ mang việt quất rắn hổ mang việt quất - + rắn hổ mang việt quất | * con dấu hải cẩu - + con dấu, Quy tắc: * Z Z - + Z
Hai kết quả: = * kiwi kiwi kiwi | = * chuột chuột, Quy tắc: = * X X X
Hai kết quả: đại bàng + nho * đại bàng = | chuột + chuối lê * chuột =, Quy tắc: Y + Z * Y =
Hai kết quả: con dấu + - hải cẩu dưa hấu | chuối đại bàng + - đại bàng chuối nho, Quy tắc: X + - X Z
Hai kết quả: kiwi cá voi * kiwi - - | dâu tây * cò - -, Quy tắc: X * Y - -
Hai kết quả: * cá voi cá mập - cá voi | * chuột trâu nho - nho, Quy tắc: * Y Z - Z
Hai kết quả: cò cò - táo rắn hổ mang + | kiwi kiwi - cò trâu +, Quy tắc: X X - Y +
Hai kết quả: ngựa vằn + trâu dâu trâu dâu - | đào + cò nho -, Quy tắc: Y + X X -
Hai kết quả: + = nho + nho | + = chim cánh cụt + chim cánh cụt, Quy tắc: + = Y Y + Y
Hai kết quả: dâu trâu * táo ngựa đào + | lê * cá voi dâu đen +, Quy tắc: Z * X Y +
Hai kết quả: + - cò sư tử cò sư tử | + - cá mập cá mập, Quy tắc: + - Y Y
Hai kết quả: = cò kiwi * cò nho cò | = sư tử cò * dưa hấu dưa hấu, Quy tắc: = X * Z Z
Hai kết quả: rắn hổ mang * - hải cẩu cò | cá voi * - hải cẩu đại bàng, Quy tắc: Y * - X
Hai kết quả: cá mập chuối kiwi sư tử - = | cá mập chuối - =, Quy tắc: X Z - =
Hai kết quả: = cá voi rắn hổ mang táo táo + - | = chuối lê sư tử + -, Quy tắc: = X Y + -
Hai kết quả: + cá mập trâu cá mập trâu * sư tử + | + đại bàng lê đại bàng lê * táo +, Quy tắc: + Z Z * X +
Hai kết quả: rắn hổ mang táo đào - chuột * | nho rắn hổ mang táo - nho *, Quy tắc: Y Z - X *
Hai kết quả: blackberry + - * dâu tây chim cánh cụt | nho chim cánh cụt + - * nho blackberry, Quy tắc: Y + - * Z
Hai kết quả: - ngựa ngựa = * trâu chuột | - dưa hấu dưa hấu = * sư tử, Quy tắc: - Y Y = * X
Hai kết quả: - hải cẩu - dưa hấu dưa hấu | - ngựa - rắn hổ mang dưa hấu rắn hổ mang dưa hấu, Quy tắc: - Y - Z Z
Hai kết quả: dâu tây chuối - + | cá mập lê ngựa vằn - +, Quy tắc: Z Z Y - +
Hai kết quả: cá voi chuối * nho đào = cá voi chuối | việt quất * dưa hấu đào = việt quất, Quy tắc: Y * Z = Y
Hai kết quả: = nho + đào nho = | = sư tử hải cẩu + chuột dâu hải cẩu sư tử =, Quy tắc: = Z + X Z =
Hai kết quả: - táo ngựa + đào kiwi + sư tử | - ngựa đen + ngựa vằn + hải cẩu sư tử, Quy tắc: - Z + X + Y
Hai kết quả: + kiwi zebra kiwi zebra = - | + zebra zebra zebra zebra zebra zebra = -, Quy tắc: + X X = -
Hai kết quả: + trâu sư tử = đào kiwi | + rắn hổ mang = nho chuột, Quy tắc: + X = Y
Hai kết quả: + kiwi - cá voi voi voi voi | + dâu dưa hấu - trâu trâu, Quy tắc: + X - Z Z
Hai kết quả: * - kiwi * kiwi | * - chuột chuột * chuột chuột, Quy tắc: * - Y * Y
Hai kết quả: cá voi * cá voi - | việt quất * việt quất -, Quy tắc: X * X -
Hai kết quả: đại bàng - cò * - | blackberry - dưa hấu * -, Quy tắc: Y - Z * -
Hai kết quả: + nho kiwi dâu tây chuột * - | + con dấu rắn hổ mang việt quất * -, Quy tắc: + X Z * -
Hai kết quả: * cò táo - cá voi việt quất - táo cò | * ngựa vằn - cá voi - ngựa vằn, Quy tắc: * Y - Z - Y
Hai kết quả: - dâu đen dưa hấu dâu đen dưa hấu trâu dâu tây - - | - trâu sư tử trâu sư tử rắn hổ mang - -, Quy tắc: - Y Y Z - -
Hai kết quả: ngựa + ngựa = | cò blackberry + cò blackberry =, Quy tắc: X + X =
Hai kết quả: cá mập ngựa blackberry cá mập ngựa + - + | cá mập nho cá mập mập nho nho + - +, Quy tắc: Y X Y + - +
Hai kết quả: cá mập = + cá mập * | cò ngựa vằn = + cò vằn *, Quy tắc: Z = + Z *
Hai kết quả: kiwi + + rắn hổ mang ngựa kiwi | kiwi + trâu kiwi, Quy tắc: X + + X Z
Hai kết quả: - chuối kiwi chuối kiwi * = | - cá voi kiwi cá voi kiwi kiwi * =, Quy tắc: - Z Z * =
Hai kết quả: = ngựa vằn kiwi kiwi + - | = cá voi voi + -, Quy tắc: = X Z + -
Hai kết quả: + hải cẩu cá mập kiwi rắn hổ mang + = | + hải cẩu sư tử + =, Quy tắc: + Z X + =
Hai kết quả: * sư tử đào + sư tử đào | * lê sư tử + lê sư tử, Quy tắc: * X + X
Hai kết quả: * việt quất việt quất dâu đen trâu * | * trâu dưa hấu trâu trâu dưa hấu ngựa vằn *, Quy tắc: * Y Y X *
Hai kết quả: ngựa sư tử + cá voi + | đại bàng đào + hải cẩu đào +, Quy tắc: X + Z +
Hai kết quả: = rắn hổ mang - chuột - | = dưa hấu chim cánh cụt - dưa hấu cá mập -, Quy tắc: = Y - X -
Hai kết quả: chuối * = việt quất - | chim cánh cụt dưa hấu * = lê -, Quy tắc: Y * = Z -
Hai kết quả: * cò dưa hấu dưa hấu cò - - | * chuối đại bàng chuối đại bàng - -, Quy tắc: * X X - -
Hai kết quả: chuột + = chuột | trâu táo + = trâu táo trâu táo, Quy tắc: Y + = Y Y
Hai kết quả: + chuột ngựa vằn + - chuột ngựa vằn | + đại bàng táo + - đại bàng táo, Quy tắc: + Z + - Z
Hai kết quả: - - đại bàng hải cẩu | - đại bàng cá voi chuối nho, Quy tắc: - - X Z
Hai kết quả: = * dưa hấu = cò ngựa vằn kiwi | = * việt quất = dâu đen rắn hổ mang ngựa vằn, Quy tắc: = * Y = Z X
Hai kết quả: * cò trâu = * rắn hổ mang cò trâu | * đại bàng = * đại bàng kiwi, Quy tắc: * Z = * X Z
Hai kết quả: đại bàng sư tử * đại bàng sư tử trâu táo * | cá voi chim cánh cụt * chim cánh cụt cá voi ngựa vằn *, Quy tắc: X * X Z *
Hai kết quả: chuột cá mập chuột cá mập + việt quất - | cá voi sư tử cá voi sư tử + cò blackberry -, Quy tắc: X X + Z -
Hai kết quả: * cá voi dâu tây táo - chim cánh cụt chuột - | * chuối chuột dưa hấu - chuối -, Quy tắc: * Z X - Y -
Hai kết quả: = chuột cá voi việt quất * | = cá voi trâu sư tử blackberry *, Quy tắc: = Z Y *
Hai kết quả: - + con dấu việt quất hải cẩu ngựa vằn việt quất - | - + cò chim cánh cụt kiwi cò -, Quy tắc: - + X Y X -
Hai kết quả: - * nho kiwi sư tử * | - * cò đào đại bàng *, Quy tắc: - * Z Y *
Hai kết quả: kiwi dâu tây * + kiwi dâu tây | blackberry * + blackberry eagle cobra, Quy tắc: Z * + Z Y
Hai kết quả: - sư tử = cò | - rắn hổ mang = táo, Quy tắc: - Z = Y
Hai kết quả: sư tử dâu tây kiwi dâu tây kiwi + = | lê lê ngựa rắn hổ mang ngựa + =, Quy tắc: Y X X + =
Hai kết quả: - - hải cẩu dưa hấu lê + | - - con dấu cò +, Quy tắc: - - Z Y +
Hai kết quả: = cá mập dâu tây cá mập = | = dâu tây sư tử trâu dâu =, Quy tắc: = Y Z Y =
Hai kết quả: * rắn hổ mang + blackberry = rắn hổ mang | * dưa hấu việt quất + việt quất đen = dưa hấu việt quất, Quy tắc: * Z + X = Z
Hai kết quả: táo cá mập táo cá mập + việt quất + | nho nho + nho chim cánh cụt +, Quy tắc: Z Z + Y +
Hai kết quả: con dấu dâu tây * + = dâu tây | sư tử đại bàng việt quất * + = đại bàng việt quất, Quy tắc: Z X * + = Z
Hai kết quả: = + đại bàng ngựa vằn + đại bàng ngựa vằn | = + cá voi việt quất + cá voi việt quất, Quy tắc: = + X + X
Hai kết quả: - lê chuột * = chuột | - cá mập voi táo * = cá voi táo, Quy tắc: - Z Y * = Z
Hai kết quả: cá mập cá mập +* | cá voi việt quất cá voi việt quất + *, Quy tắc: Z Z + *
Hai kết quả: cá mập voi blackberry * * * cá voi đen | sư tử đại bàng chuối * * * chuối, Quy tắc: Z Y * * * * Z
Hai kết quả: - * chim cánh cụt đào chim cánh cụt | - * kiwi kiwi chim cánh cụt việt quất, Quy tắc: - * X X Z
Hai kết quả: hải cẩu kiwi = nho nho + | đào = cá voi +, Quy tắc: Z = Y Y +
Hai kết quả: trâu việt quất trâu = = - | dưa hấu chuột dưa hấu = -, Quy tắc: Y X Y = -
Hai kết quả: blackberry horse blackberry horse blackberry blackberry blackberry = - | táo kiwi táo kiwi việt quất dưa hấu = -, Quy tắc: X X Y = -
Hai kết quả: cò blackberry * ngựa vằn cò blackberry * | cá mập dưa hấu * cá mập dưa hấu trâu *, Quy tắc: Z * Y Z *
Hai kết quả: + cò đại bàng cò đại bàng = = | + đại bàng ngựa đại bàng ngựa = =, Quy tắc: + Y Y = =
Hai kết quả: blackberry rat * - chim cánh cụt blackberry | rắn hổ mang việt quất * - đào, Quy tắc: Z * - Y
Hai kết quả: chim cánh cụt dưa hấu chim cánh cụt dưa hấu * - | chim cánh cụt * -, Quy tắc: Z Z * -
Hai kết quả: táo dâu trâu + táo dâu tây - + | đào cò cá mập chuối + cò đào - +, Quy tắc: Y Z + Y - +
Hai kết quả: lê dâu đen * táo chuột lê blackberry * - | quả việt quất sư tử * chim cánh cụt sư tử việt quất * -, Quy tắc: Y * Z Y * -
Hai kết quả: * + dâu đen dưa hấu ngựa vằn | * + dâu tây chuối sư tử dưa hấu, Quy tắc: * + Y X Z
Hai kết quả: nho cò táo + nho - | nho táo dâu đen táo + táo nho -, Quy tắc: Z Y + Z -
Hai kết quả: - việt quất - dâu tây * | - trâu chim cánh cụt - chim cánh cụt cá mập *, Quy tắc: - Z - X *
Hai kết quả: = chim cánh cụt dâu tây chuột đào + | = chuột dâu đen trâu +, Quy tắc: = Y Z +
Hai kết quả: - = = ngựa dâu hải cẩu táo | - = kiwi ngựa vằn việt quất, Quy tắc: - = Z Y
Hai kết quả: chuối dưa hấu việt quất * - | cá mập chuột đào * -, Quy tắc: Z Y * -
Hai kết quả: con dấu chuột việt quất việt quất * - | chim cánh cụt kiwi kiwi * -, Quy tắc: Y X X * -
Hai kết quả: - rắn hổ mang * hải cẩu ngựa | - blackberry * nho, Quy tắc: - X * Y
Hai kết quả: chuối rắn hổ mang + chuối rắn hổ mang + chuối rắn hổ mang - | trâu lê + trâu lê + trâu lê -, Quy tắc: Y + Y + Y -
Hai kết quả: cá voi dưa hấu * dâu đào * = cá voi dưa hấu | dâu đào * dưa hấu * = dâu đào, Quy tắc: Z * Y * = Z
Hai kết quả: = - cá voi cò - cá voi cò | = - đại bàng ngựa vằn - đại bàng ngựa vằn, Quy tắc: = - X - X
Hai kết quả: * * hải cẩu cá voi + chuột hải cẩu | * * hải cẩu dưa hấu + hải cẩu cá mập dưa hấu việt quất, Quy tắc: * * Z + Z Y
Hai kết quả: táo - = táo = | kiwi - = kiwi =, Quy tắc: Y - = Y =
Hai kết quả: hải cẩu lê đào sư tử + * = | chuối đào ngựa + * =, Quy tắc: X Y + * =
Hai kết quả: + + cá mập sư tử cò | + chim cánh cụt dâu tây, Quy tắc: + + Z X
Hai kết quả: sư tử kiwi sư tử kiwi + sư tử kiwi * | chuột chuột + chuột *, Quy tắc: Y Y + Y *
Hai kết quả: = cò đen = chuối việt quất | = việt quất ngựa vằn = dâu tây, Quy tắc: = Y = Z
Hai kết quả: - dâu tây* cò + | - rắn hổ mang cò cò cò * chuối +, Quy tắc: - Z Z * X +
Hai kết quả: sư tử dưa hấu = cò chim cánh cụt = sư tử dưa hấu | việt quất = việt quất = việt quất, Quy tắc: Z = Y = Z
Hai kết quả: ngựa vằn lê + * = ngựa vằn lê | rắn hổ mang đào + * = rắn hổ mang đào, Quy tắc: Y + * = Y
Hai kết quả: sư tử đào - blackberry * blackberry | lê đào - cò * cò, Quy tắc: X - Y * Y
Hai kết quả: lê dưa hấu * - lê dưa hấu đào sư tử | chim cánh cụt * - hải cẩu nho chim cánh cụt, Quy tắc: X * - X Z
Hai kết quả: * + chim cánh cụt chim cánh cụt | * + rắn hổ mang cá voi đào rắn hổ mang, Quy tắc: * + X Y X
Hai kết quả: + đào kiwi đào kiwi = ngựa | + chuối chuối = việt quất, Quy tắc: + Z Z = X
Hai kết quả: dưa hấu + cá voi ngựa vằn cá voi vằn + | dưa hấu đào + chuột blackberry blackberry +, Quy tắc: Z + X X +
Hai kết quả: lê + chim cánh cụt trâu = - | chuột táo + blackberry = -, Quy tắc: X + Z = -
Hai kết quả: + đại bàng + cá voi sư tử cá voi | + cò + táo táo, Quy tắc: + Z + Y Y
Hai kết quả: dâu ngựa = + trâu ngựa vằn việt quất + | đại bàng = + hải cẩu blackberry +, Quy tắc: X = + Z Y +
Hai kết quả: trâu trâu = + trâu | ngựa ngựa = + ngựa, Quy tắc: X X = + X
Hai kết quả: + cá voi chuột việt quất - chuột | + chuối táo - táo, Quy tắc: + Z X - Z
Hai kết quả: chim cánh cụt vằn rắn hổ mang kiwi + dâu tây * - | cá voi nho ngựa vằn + lê cá mập * -, Quy tắc: Y Z + X * -
Hai kết quả: * ngựa đại bàng đại bàng - | * hải cẩu trâu trâu kiwi lê -, Quy tắc: * Z Z Y -
Hai kết quả: cò chuột + con dấu nho - cò chuột | táo + ngựa vằn - táo, Quy tắc: Z + Y - Z
Hai kết quả: lion blueberry blackberry + - | kiwi cò táo + -, Quy tắc: X Y + -
Hai kết quả: = dưa hấu chuột - dưa hấu chuột - | = cá voi - cá voi -, Quy tắc: = X - X -
Hai kết quả: - rắn hổ mang trâu cá mập = | - cá mập dưa hấu ngựa vằn =, Quy tắc: - Z Y =
Hai kết quả: - chuối dâu = sư tử * cá voi cá mập | - táo = sư tử chuột * chim cánh cụt, Quy tắc: - Z = X * Y
Hai kết quả: đại bàng ngựa+kiwi việt quất dưa hấu * | cá mập đại bàng + cá mập cò cá mập đại bàng *, Quy tắc: X + Z Y *
Hai kết quả: nho táo nho táo + + | chuối dâu đen dâu đen + +, Quy tắc: Y Y + + +
Hai kết quả: + lê lê lê - | + đại bàng đại bàng đại bàng -, Quy tắc: + X X X -
Hai kết quả: rắn hổ mang - cò táo lê ngựa vằn + | kiwi - chim cánh cụt nho +, Quy tắc: Z - Y X +
Hai kết quả: chim cánh cụt lê việt quất lê việt quất + * | dưa hấu dưa hấu dâu đen ngựa + *, Quy tắc: X Y Y + *
Hai kết quả: sư tử chuột lê * lê = | chuột dâu chuối * chuột dâu =, Quy tắc: Y X * Y =
Hai kết quả: đào = * - lê nho đào | dưa hấu lê = * - lê dưa hấu kiwi, Quy tắc: Z = * - Z Y
Hai kết quả: = nho táo táo nho * | = nho nho *, Quy tắc: = Z Z *
Hai kết quả: * chuối chuối* + | * blackberry blackberry blackberry blackberry * +, Quy tắc: * Z Z * +
Hai kết quả: - lê cò dưa hấu = - | - trâu trâu voi nho = -, Quy tắc: - Z Y = -
Hai kết quả: + hải cẩu cá mập * hải cẩu cá mập | + ngựa vằn * ngựa vằn, Quy tắc: + X * X
Hai kết quả: cò đào + cò đào cò * - | rắn hổ mang táo + rắn hổ mang táo táo táo * -, Quy tắc: Z + Z Y * -
Hai kết quả: = - sư tử chuối = sư tử chuối | = - rắn hổ mang = rắn hổ mang, Quy tắc: = - Z = Z
Hai kết quả: - * nho trâu * | - * việt quất việt quất việt quất *, Quy tắc: - * X Z Z *
Hai kết quả: cá voi chim cánh cụt - đại bàng + | kiwi đào - dâu tây +, Quy tắc: Z - X +
Hai kết quả: rắn hổ mang kiwi - đào = ngựa * | dưa hấu - chuột = nho *, Quy tắc: Y - X = Z *
Hai kết quả: ngựa vằn - - + ngựa vằn | rắn hổ mang - - + rắn hổ mang lê, Quy tắc: Y - - - + X Y
Hai kết quả: việt quất + việt quất đại bàng vằn * | cá mập + cá mập ngựa*, Quy tắc: Z + Y Z *
Hai kết quả: đại bàng cá mập + * - cá mập | trâu chuối + * - hải cẩu cò, Quy tắc: X + * - Z
Hai kết quả: kiwi kiwi = + | táo táo = +, Quy tắc: Y Y = +
Hai kết quả: hải cẩu cá voi táo * - chim cánh cụt | chuột việt quất cò sư tử * - cá voi blackberry, Quy tắc: Y X * - Z
Hai kết quả: + việt quất + chuột | + sư tử + đào táo đào táo, Quy tắc: + Z + X X
Hai kết quả: - * chim cánh cụt ngựa - dâu đen dâu tây chim cánh cụt | - * chuối dưa hấu - sư tử ngựa vằn chuối dưa hấu, Quy tắc: - * Y - X Y
Hai kết quả: + - * ngựa vằn việt quất | + - * chuột chuối trâu, Quy tắc: + - * Z Y
Hai kết quả: = cá voi * cá voi đen | = chim cánh cụt * cò hải cẩu chim cánh cụt, Quy tắc: = X * Z X
Hai kết quả: cá mập + = cá mập * | kiwi dâu tây + = kiwi dâu *, Quy tắc: Y + = Y *
Hai kết quả: táo * + đại bàng | việt quất * + ngựa, Quy tắc: Z * + Y
Hai kết quả: dưa hấu dưa hấu + dưa hấu + | con dấu + con dấu +, Quy tắc: Z Z + Z +
Hai kết quả: = việt quất + sư tử rắn hổ mang việt quất | = blackberry kiwi + cá mập sư tử blackberry kiwi, Quy tắc: = Y + X Y
Hai kết quả: táo ngựa vằn táo ngựa vằn táo ngựa - * | con dấu chuối ngựa con dấu chuối - *, Quy tắc: Y X Y - *
Hai kết quả: + * sư tử kiwi sư tử kiwi sư tử = | + * rắn hổ mang lê chuột =, Quy tắc: + * Y Z Z =
Hai kết quả: đại bàng - = đại bàng | dưa hấu chim cánh cụt - = dưa hấu chim cánh cụt, Quy tắc: Z - = Z
Hai kết quả: cá mập chim cánh cụt * cá mập hải cẩu = cá mập chim cánh cụt | đại bàng * ngựa đại bàng = đại bàng, Quy tắc: Z * X = Z
Hai kết quả: rắn hổ mang lê + hải cẩu chim cánh cụt + rắn hổ mang lê * | cò + trâu + cò *, Quy tắc: Z + Y + Z *
Hai kết quả: * táo dâu tây + kiwi dâu tây | * kiwi ngựa vằn + táo dâu đại bàng, Quy tắc: * X + Y Z
Hai kết quả: + con dấu táo - chim cánh cụt | + ngựa - lê việt quất, Quy tắc: + X - Z
Hai kết quả: cá voi việt quất = + | dưa hấu kiwi chim cánh cụt đại bàng = +, Quy tắc: Z Y = +
Hai kết quả: = dưa hấu cò dưa hấu cò dưa hấu * * | = ngựa vằn vằn vằn * *, Quy tắc: = X X X * *
Hai kết quả: + * = rắn hổ mang | + * = nho nho, Quy tắc: + * = Z Z
Hai kết quả: + * blackberry shark eagle | + * trâu trâu việt quất dâu, Quy tắc: + * X Z
Hai kết quả: = chim cánh cụt hải cẩu = | = kiwi apple =, Quy tắc: = Z Y =
Hai kết quả: - * chuối* chuối dâu đen việt quất | - * cá voi việt quất * chuối cá voi việt quất, Quy tắc: - * X * X Y
Hai kết quả: = ngựa * - ngựa | = đại bàng blackberry * - đại bàng đen, Quy tắc: = Z * - Z
Hai kết quả: * + quả lê hải cẩu nho | * + rắn hổ mang trâu dưa hấu, Quy tắc: * + Z X
Hai kết quả: - con dấu nho * | - dâu tây sư tử *, Quy tắc: - X Y *
Hai kết quả: cò vằn + = | chim cánh cụt dưa hấu kiwi + =, Quy tắc: X Z + =
Hai kết quả: = * - chim cánh cụt | = * - sư tử lê sư tử lê, Quy tắc: = * - Z Z
Hai kết quả: chuối+chuối* + | cò lê + cò lê * +, Quy tắc: X + X * +
Hai kết quả: cá mập cá mập dâu đen lê * = | cò kiwi cò kiwi đào trâu * =, Quy tắc: Z Z Y * =
Hai kết quả: cá mập = cá mập = cá mập = | chuột = chuột = chuột =, Quy tắc: Z = Z = Z =
Hai kết quả: + = hải cẩu lê ngựa vằn kiwi | + = dưa hấu trâu cá mập rắn hổ mang, Quy tắc: + = Y X
Hai kết quả: * dâu tây kiwi dâu tây kiwi * đại bàng | * cá voi voi * nho đại bàng, Quy tắc: * X X * Y
Hai kết quả: + cò trâu nho - + cò trâu | + rắn hổ mang cò rắn hổ mang đại bàng - + đại bàng rắn hổ mang, Quy tắc: + X Y - + Y
Hai kết quả: con dấu * con dấu dâu tây chuột * | dâu tây * dưa hấu dâu *, Quy tắc: Y * Y Z *
Hai kết quả: * - * chim cánh cụt sư tử chim cánh cụt | * - * chim cánh cụt rắn hổ mang chim cánh cụt, Quy tắc: * - * Y X Y
Hai kết quả: chuối dâu đen + - | ngựa vằn nho rắn hổ mang táo + -, Quy tắc: Z Y + -
Hai kết quả: * = sư tử đại bàng táo | * = nho sư tử kiwi blackberry, Quy tắc: * = X Z
Hai kết quả: ngựa nho = lê nho ngựa + | dâu kiwi = hải cẩu kiwi dâu +, Quy tắc: Z = X Z +
Hai kết quả: ngựa vằn đào * * | ngựa cá voi rắn hổ mang * *, Quy tắc: Z X * *
Hai kết quả: - lê sư tử - đại bàng chuối | - đại bàng - táo đào, Quy tắc: - Y - X
Hai kết quả: ngựa vằn - = * ngựa vằn trâu | rắn hổ mang việt quất - = * cá mập hải cẩu rắn hổ mang việt quất, Quy tắc: Z - = * X Z
Hai kết quả: cá mập = - kiwi | blackberry horse = - chim cánh cụt táo, Quy tắc: Y = - Z
Hai kết quả: = = = sư tử ngựa vằn việt quất sư tử việt quất | = = = nho cá mập việt quất kiwi việt quất kiwi, Quy tắc: = = = X Z Z
Hai kết quả: đại bàng chuột * việt quất = | dâu tây * táo đào =, Quy tắc: X * Z =
Hai kết quả: lê táo trâu + - - hải cẩu dâu đen | nho đại bàng + - - cò chuối, Quy tắc: X Y + - - Z
Hai kết quả: + cá voi dâu tây dưa hấu táo nho * | + kiwi blackberry rắn hổ mang sư tử *, Quy tắc: + Z X Y *
Hai kết quả: chim cánh cụt * - = chim cánh cụt đại bàng hải cẩu | đào ngựa * - = dưa hấu ngựa đào, Quy tắc: X * - = Y X
Hai kết quả: cò = - cò ngựa vằn | kiwi ngựa vằn = - dưa hấu cá voi kiwi ngựa vằn, Quy tắc: Z = - Z Y
Hai kết quả: nho trâu nho táo - + | trâu nho trâu ngựa vằn - +, Quy tắc: X Y Z - +
Hai kết quả: việt quất * + chuối | blackberry * + con dấu ngựa vằn, Quy tắc: X * + Y
Hai kết quả: * = lê lê hải cẩu táo + | * = cò việt quất +, Quy tắc: * = X Y +
Hai kết quả: dưa hấu dâu tây dưa hấu dâu tây = cá voi dưa hấu | kiwi kiwi = = nho, Quy tắc: Y Y = = X
Hai kết quả: = lê lê dâu đen = | = cá voi chim cánh cụt cá voi chim cánh cụt dâu tây =, Quy tắc: = X X Y =
Hai kết quả: hải cẩu nho * = rắn hổ mang dưa hấu | cá voi chim cánh cụt * = cá mập, Quy tắc: Y * = Z
Hai kết quả: sư tử - hải cẩu + = nho | chim cánh cụt đại bàng - cò việt quất + = việt quất, Quy tắc: Y - X + = Z
Hai kết quả: đại bàng chuột * + đại bàng chuột đại bàng | dưa hấu ngựa * + dưa hấu ngựa dưa hấu, Quy tắc: Y * + Y Y
Hai kết quả: * sư tử - = sư tử dưa hấu | * quả việt quất táo - = quả việt quất táo ngựa vằn, Quy tắc: * Y - = X Y
Hai kết quả: cá mập dâu tây chuột ngựa vằn vằn - * - | blackberry blueberry cò cá mập - * -, Quy tắc: X Y Z - * -
Hai kết quả: cá voi voi - = cá voi | sư tử sư tử - = sư tử, Quy tắc: Y Y - = Y
Hai kết quả: cò táo - = + đại bàng | dâu tây táo nho - = + dưa hấu, Quy tắc: Z Y - = + X
Hai kết quả: đào sư tử * - cò việt quất | dưa hấu chim cánh cụt * - nho kiwi, Quy tắc: Z * - X
Hai kết quả: lê = lê chim cánh cụt + | dâu ngựa = rắn hổ mang dâu tây +, Quy tắc: Z = Y Z +
Hai kết quả: chim cánh cụt kiwi - = chim cánh cụt kiwi kiwi * | đại bàng nho - = đại bàng nho đại bàng *, Quy tắc: Z - = Z Z *
Hai kết quả: = chuột chuột kiwi ngựa * | = con dấu con dấu *, Quy tắc: = Y Y X *
Hai kết quả: * blackberry blackberry dưa hấu nho blackberry blackberry = | * đào kiwi dâu tây đào =, Quy tắc: * Y Z Y =
Hai kết quả: táo nho cá mập = nho cá mập * | chim cánh cụt rắn hổ mang ngựa = cá voi ngựa *, Quy tắc: Z X = Z *
Hai kết quả: chuối việt quất - táo dưa hấu trâu + - | đại bàng cá mập - hải cẩu lê + -, Quy tắc: Z - Y X + -
Hai kết quả: đào dâu đào dâu = + | trâu việt quất trâu việt quất = +, Quy tắc: Z Z = +
Hai kết quả: chuột trâu - + chuột trâu - | rắn hổ mang dâu tây - + rắn hổ mang dâu -, Quy tắc: X - + X -
Hai kết quả: ngựa cá voi = chuột voi voi chuột * | nho = đại bàng cá voi đại bàng cá voi đại bàng *, Quy tắc: Z = Y Y *
Hai kết quả: = cá mập đào - cá mập đào * cá mập đào | = đại bàng sư tử - đại bàng sư tử * đại bàng sư tử, Quy tắc: = X - X * X
Hai kết quả: + + rắn hổ mang dâu đen | + chuối chuối lê chuột, Quy tắc: + Y Y Z
Hai kết quả: chuột chuối* việt quất kiwi * | cò trâu kiwi chuối * lê sư tử *, Quy tắc: Y Z * X *
Hai kết quả: nho = nho - | sư tử = sư tử -, Quy tắc: Z = Z -
Hai kết quả: táo táo - * - | sư tử sư tử sư tử sư tử - * -, Quy tắc: X X - * -
Hai kết quả: sư tử đào * chuột - + đại bàng cò | cá mập * việt quất - + con dấu dâu tây, Quy tắc: X * Z - + Y
Hai kết quả: + ngựa vằn chim cánh cụt + dưa hấu * dưa hấu | + nho + cá voi kiwi * cá voi kiwi, Quy tắc: + Y + Z * Z
Hai kết quả: * cá mập = = chuối | * rắn hổ mang = nho kiwi, Quy tắc: * X = = Z
Hai kết quả: - - nho lê dâu tây chuối việt quất | - - con dấu việt quất chuột đại bàng, Quy tắc: - - Y Z X
Hai kết quả: + con dấu chuối = cò ngựa | + táo = chuột dưa hấu, Quy tắc: + Y = X
Hai kết quả: * nho = + nho việt quất | * cá voi = + cá voi sư tử, Quy tắc: * X = + Z X
Hai kết quả: lê = nho * lê | nho = cá voi lê * nho, Quy tắc: Y = X * Y
Hai kết quả: chim cánh cụt táo dâu tây + chim cánh cụt * * | con dấu nho đào lê + con dấu nho* *, Quy tắc: Y Z + Y * *
Hai kết quả: - con dấu chuột chuối - + chuối | - rắn hổ mang chuột đào - + rắn hổ mang, Quy tắc: - Z Y - + Z
Hai kết quả: - cá mập cá mập - + | - chuối chuối - +, Quy tắc: - Y Y - +
Hai kết quả: + kiwi = + kiwi | + chim cánh cụt chuột = + chim cánh cụt chuột, Quy tắc: + Z = + Z
Hai kết quả: - - việt quất ngựa vằn nho dâu tây + | - - đào dâu sư tử dưa hấu +, Quy tắc: - - Z X +
Hai kết quả: = + chuột dưa hấu ngựa | = + chim cánh cụt kiwi, Quy tắc: = + Y X
Hai kết quả: * = ngựa* cá voi | * = quả việt quất táo * cá mập, Quy tắc: * = Z * Y
Hai kết quả: ngựa lê - + rắn hổ mang ngựa vằn | táo - + chuột chuột, Quy tắc: Z - + X
Hai kết quả: - rắn hổ mang dưa hấu = việt quất | - chuột = dâu tây, Quy tắc: - Z = X
Hai kết quả: * đại bàng việt quất + + nho | * cò sư tử + + chuối, Quy tắc: * Y + + Z
Hai kết quả: táo đào - dưa hấu cá voi cò đào - | dưa hấu - việt quất táo nho -, Quy tắc: X - Z Y -
Hai kết quả: - * dâu sư tử + kiwi kiwi nho đào | - * trâu táo + chuột dưa hấu ngựa, Quy tắc: - * X + Y Z
Hai kết quả: chuột chuối trâu nho * = | cò kiwi * =, Quy tắc: Z X * =
Hai kết quả: chuối chim cánh cụt táo táo + - = | cò dâu đen dưa hấu ngựa dưa hấu ngựa + - =, Quy tắc: X Y Y + - =
Hai kết quả: đại bàng sư tử cò chuối = - | cá mập kiwi trâu = -, Quy tắc: Z X = -
Hai kết quả: * đại bàng sư tử + cá voi dưa hấu đại bàng sư tử | * cá mập hải cẩu + hải cẩu cá mập dâu sư tử, Quy tắc: * Y + Y Z
Hai kết quả: blackberry blackberry * blackberry + * | cò sư tử cò sư tử * cò sư tử + *, Quy tắc: Z Z * Z + *
Hai kết quả: + * đào ngựa vằn đại bàng con dấu nho | + * dưa hấu rắn hổ mang táo dưa hấu, Quy tắc: + * X Z Y
Hai kết quả: cò ngựa - - + rắn hổ mang chuối việt quất | trâu - - - + nho dâu đen, Quy tắc: Y - - - + Z X
Hai kết quả: - - ngựa chuột* chuối ngựa chuột | - chuột đại bàng * dưa hấu chuột đại bàng, Quy tắc: - - Y * Y X
Hai kết quả: * nho việt quất chim cánh cụt * - nho | * cá mập chuối cá mập chuối * - dưa hấu blackberry, Quy tắc: * Z X * - Y
Hai kết quả: dâu tây cá mập việt quất = + táo lê + | chim cánh cụt sư tử = + dâu tây +, Quy tắc: Y Z = + X +
Hai kết quả: = - + dâu tây dưa hấu dâu tây dưa hấu chim cánh cụt blackberry | = - + lê lê hải cẩu trâu, Quy tắc: = - + Y Y X
Hai kết quả: chim cánh cụt chuột cá mập ngựa + chuột cánh cụt = | đại bàng táo đại bàng + đại bàng =, Quy tắc: Z Y + Z =
Hai kết quả: lê = * lê - | việt quất = * việt quất -, Quy tắc: Z = * Z -
Hai kết quả: = việt quất - ngựa = ngựa | = nho chuột - dưa hấu trâu = dưa hấu trâu, Quy tắc: = Z - Y = Y
Hai kết quả: ngựa + = chuột chim cánh cụt | táo + = ngựa kiwi, Quy tắc: Z + = X
Hai kết quả: + - dâu đen đại bàng đại bàng | + - con dấu táo ngựa vằn blackberry, Quy tắc: + - Z Y
Hai kết quả: - hải cẩu đại bàng + rắn hổ mang hải cẩu cá voi + | - lê + rắn hổ mang trâu chuối +, Quy tắc: - Z + Y X +
Hai kết quả: + - dâu tây trâu | + - đại bàng việt quất đại bàng đại bàng cá mập đào, Quy tắc: + - Y Y Z
Hai kết quả: chuối chuối chuối - = - | chim cánh cụt chim cánh cụt - = -, Quy tắc: Y Y Y - = -
Hai kết quả: cá voi việt quất cá voi việt quất = - - cá voi việt quất | đào = - - đào, Quy tắc: X X = - - X
Hai kết quả: = dưa hấu chuột đào = + | = hải cẩu chuột dưa hấu = +, Quy tắc: = Z Y = +
Hai kết quả: nho = * nho = lê đào | táo cá voi = * táo cá voi = dâu tây, Quy tắc: X = * X = Z
Hai kết quả: * cá mập táo - cá mập táo | * ngựa vằn cá voi - ngựa vằn cá voi, Quy tắc: * X - X
Hai kết quả: - = cò dâu tây cò dâu tây | - = cò ngựa vằn cò ngựa vằn cò ngựa vằn, Quy tắc: - = Z Z Z
Hai kết quả: + + chuối cá voi ngựa vằn | + cò chuột, Quy tắc: + + Y X
Hai kết quả: blackberry * - dâu đen dưa hấu * | táo * - lê ngựa táo *, Quy tắc: X * - X Z *
Hai kết quả: * lê dưa hấu đào + lê * | * ngựa đại bàng + đại bàng *, Quy tắc: * Y Z + Y *
Hai kết quả: - trâu dưa hấu - dưa hấu trâu cá voi dâu = | - chim cánh cụt - trâu chim cánh cụt =, Quy tắc: - Z - Z Y =
Hai kết quả: = * chuối táo chuối táo * | = * blackberry blackberry *, Quy tắc: = * Y Y *
Hai kết quả: * táo - + kiwi dưa hấu ngựa | * blackberry - + lê chim cánh cụt, Quy tắc: * X - + Z Y
Hai kết quả: dưa hấu việt quất lê sư tử * sư tử lê + = | sư tử đại bàng dâu đen dâu tây * dâu đen + =, Quy tắc: Z Y * Y + =
Hai kết quả: + - + kiwi ngựa vằn dâu tây | + - + chuột rắn hổ mang, Quy tắc: + - + Y X
Hai kết quả: + ngựa dâu = lê chim cánh cụt đào * | + cò chuối = chim cánh cụt kiwi *, Quy tắc: + Y = X Z *
Hai kết quả: = - chim cánh cụt chuột - rắn hổ mang ngựa | = - ngựa vằn - trâu việt quất, Quy tắc: = - Z - X
Hai kết quả: lê dâu đen - + lê blackberry | kiwi - + kiwi, Quy tắc: Y - + Y
Hai kết quả: - + blackberry buffalo | - + ngựa vằn chuột, Quy tắc: - + Y X
Hai kết quả: = ngựa cò kiwi - | = ngựa vằn sư tử chuột -, Quy tắc: = X Y -
Hai kết quả: blackberry * chuột sư tử = chuột sư tử | chuối việt quất * đào = đào, Quy tắc: Y * Z = Z
Hai kết quả: - + cá mập cá mập | - + đại bàng việt quất đại bàng việt quất, Quy tắc: - + Z Z
Hai kết quả: cò dưa hấu đại bàng + * | chuột dưa hấu táo lê + *, Quy tắc: Y Z + *
Hai kết quả: = cò chuối * * | = hải cẩu đào việt quất * *, Quy tắc: = Y Z * *
Hai kết quả: - - cá mập cá mập | - đại bàng ngựa vằn đại bàng ngựa vằn, Quy tắc: - - Z Z
Hai kết quả: - chuối đào = chim cánh cụt hải cẩu | - ngựa = cá mập dưa hấu, Quy tắc: - X = Y
Hai kết quả: lê - + hải cẩu dưa hấu* | ngựa vằn dâu tây - + rắn hổ mang đào *, Quy tắc: X - + Y *
Hai kết quả: blackberry kiwi blackberry kiwi = kiwi = * | đại bàng táo đại bàng táo = chuột dưa hấu = *, Quy tắc: Y Y = Z = *
Hai kết quả: đào đào việt quất * + | con dấu ngựa vằn táo chuột * +, Quy tắc: Y X * +
Hai kết quả: lê ngựa vằn = - lê ngựa vằn * | nho dâu tây = - nho dâu tây *, Quy tắc: Z = - Z *
Hai kết quả: chuối blackberry * * cò chuối = | táo đào * * chuột blackberry =, Quy tắc: Y * * Z =
Hai kết quả: + táo + ngựa | + dưa hấu + kiwi, Quy tắc: + Y + X
Hai kết quả: * * dưa hấu dưa hấu | * * đại bàng lê đại bàng lê, Quy tắc: * * X X
Hai kết quả: táo + * chuối cá voi + | blackberry + * dâu tây +, Quy tắc: Z + * Y +
Hai kết quả: - - + sư tử sư tử | - - + táo ngựa táo ngựa, Quy tắc: - - + X X
Hai kết quả: +* táo ngựa vằn | + * táo nho rắn hổ mang ngựa rắn hổ mang, Quy tắc: + * Y Z Z
Hai kết quả: * * ngựa vằn lê ngựa vằn | * * chuối chuột kiwi rắn hổ mang, Quy tắc: * * X Y
Hai kết quả: đại bàng - + - đại bàng | dâu tây kiwi - + - dâu tây kiwi, Quy tắc: X - + - X
Hai kết quả: cò nho chuối = * chuối nho | dâu cá mập = * dâu tây, Quy tắc: Z X = * X
Hai kết quả: + chuối chuối = + cá voi | + hải cẩu việt quất việt quất = + đào, Quy tắc: + Z Z = + Y
Hai kết quả: - hải cẩu đại bàng dâu + | - rắn hổ mang trâu cá voi +, Quy tắc: - X Z +
Hai kết quả: kiwi - - nho chuột nhão | rắn hổ mang - - táo táo, Quy tắc: X - - Z Z
Hai kết quả: * - con dấu chuối* chuối hải cẩu lê dưa hấu | * - cò * cò dưa hấu chuột, Quy tắc: * - Z * Z Y
Hai kết quả: = chuối dâu đen - | = chuối dâu tây cá voi -, Quy tắc: = Y X -
Hai kết quả: sư tử sư tử kiwi sư tử + | lê ngựa nho + +, Quy tắc: Y X + +
Hai kết quả: cá voi + dâu tây * - dâu tây | dâu đen trâu + táo * - táo, Quy tắc: Y + Z * - Z
Hai kết quả: cá voi ngựa vằn - = = | chuột trâu chuối - = =, Quy tắc: X Z - = =
Hai kết quả: - + con dấu cá mập nho | - + chuối chuối, Quy tắc: - + Z X
Hai kết quả: kiwi = dâu tây kiwi - | dưa hấu dưa hấu = dâu đen đào dưa hấu -, Quy tắc: Z = Y Z -
Hai kết quả: * * ngựa vằn ngựa vằn = nho dâu tây | * * rắn hổ mang kiwi rắn hổ mang kiwi = chuột dưa hấu, Quy tắc: * * Z Z = Y
Hai kết quả: + cá mập nho = cá mập nho blackberry | + việt quất = dâu việt quất việt quất, Quy tắc: + Z = X Z
Hai kết quả: * = + sư tử nho cá mập trâu | * = + cá mập dâu lê chuối, Quy tắc: * = + Y X Z
Hai kết quả: rắn hổ mang dâu đen + rắn hổ mang dâu đen - sư tử | đào + đào - kiwi, Quy tắc: X + X - Y
Hai kết quả: + ngựa vằn = | + con dấu đại bàng chim cánh cụt =, Quy tắc: + Z X =
Hai kết quả: - nho nho - nho | - ngựa ngựa, Quy tắc: - Y Y - Y
Hai kết quả: - trâu chim cánh cụt rắn hổ mang * | - cá voi đại bàng kiwi *, Quy tắc: - X Y *
Hai kết quả: + = - đại bàng lê hải cẩu dưa hấu đại bàng lê | + = - dâu sư tử lê sư tử dâu tây sư tử, Quy tắc: + = - Y X Y
Hai kết quả: = cò = cò ngựa blackberry | = hải cẩu lê = rắn hổ mang ngựa vằn, Quy tắc: = X = Y X
Hai kết quả: - dưa hấu + dưa hấu | - cò blackberry + cò đen, Quy tắc: - Y + Y
Hai kết quả: ngựa vằn cá mập ngựa vằn - - ngựa vằn * | chuối việt quất - - chuối *, Quy tắc: Z X - - Z *
Hai kết quả: = = trâu trâu việt quất - rắn hổ mang dưa hấu | = = đào chuối táo chim cánh cụt - lê, Quy tắc: = = Y X - Z
Hai kết quả: quả lê sư tử việt quất = + lê sư tử | táo sư tử = + táo, Quy tắc: X Y = + Y
Hai kết quả: rắn hổ mang rắn hổ mang * + = | ngựa vằn * + =, Quy tắc: Z Z * + =
Hai kết quả: - hải cẩu trâu + - trâu | - trâu kiwi + - trâu, Quy tắc: - Y Z + - Z
Hai kết quả: chim cánh cụt việt quất = - = chim cánh cụt việt quất | ngựa vằn nho = - = ngựa vằn nho, Quy tắc: X = - = X
Hai kết quả: = rắn hổ mang kiwi = * rắn hổ mang kiwi kiwi | = chim cánh cụt = * chim cánh cụt, Quy tắc: = Z = * Z Z
Hai kết quả: * = ngựa việt quất ngựa cá mập việt quất | * = cá voi đào cá voi đào hải cẩu táo, Quy tắc: * = Z Z X
Hai kết quả: = chim cánh cụt - chim cánh cụt | = nho nho - nho, Quy tắc: = X X - X
Hai kết quả: * táo đại bàng - táo đại bàng + | * kiwi - kiwi +, Quy tắc: * Y - Y +
Hai kết quả: + chuột dưa hấu dâu tây - dưa hấu dâu tây | + dưa hấu táo - táo, Quy tắc: + X Y - X
Hai kết quả: đại bàng ngựa vằn = cò việt quất - + đại bàng ngựa vằn | chuột ngựa vằn = nho - + chuột ngựa vằn, Quy tắc: Z = X - + Z
Hai kết quả: chim cánh cụt việt quất * + chim cánh cụt việt quất | trâu đào * + đào trâu, Quy tắc: Z * + Z
Hai kết quả: chuối sư tử trâu + chuối sư tử | chuối trâu đào + đào, Quy tắc: X Y + + Y
Hai kết quả: ngựa chim cánh cụt + * - ngựa chim cánh cụt | chuột đào + * - chuột đào, Quy tắc: Y + * - Y
Hai kết quả: chuối chim cánh cụt chuối chim cánh cụt = - đại bàng rắn hổ mang | dưa hấu dưa hấu = - nho, Quy tắc: X X = - Y
Hai kết quả: rắn hổ mang = * sư tử đào | chim cánh cụt = * chuột kiwi, Quy tắc: Y Y = * Z
Hai kết quả: * cá mập trâu = cá mập mập | * cá mập cò = dưa hấu dưa hấu, Quy tắc: * Z = Y Y
Hai kết quả: * * cá voi việt quất cá voi việt quất | * * ngựa ngựa, Quy tắc: * * X X
Hai kết quả: hải cẩu nho đại bàng * - đào | chim cánh cụt chuột * - lê, Quy tắc: Y Z * - X
Hai kết quả: + rắn hổ mang sư tử chuột nho rắn hổ mang sư tử - | + chuột lê ngựa -, Quy tắc: + Y X Y -
Hai kết quả: = cá voi chuối cá voi chuối + | = chuột đại bàng chuột đại bàng +, Quy tắc: = Y Y +
Hai kết quả: + hải cẩu trâu + hải cẩu trâu - | + sư tử + sư tử -, Quy tắc: + Y + Y -
Hai kết quả: * - - cá voi việt quất cá voi việt quất đại bàng lê | * - trâu trâu sư tử việt quất, Quy tắc: * - - Y Y X
Hai kết quả: dâu tây = + rắn hổ mang ngựa đại bàng = | dâu tây = + cá voi trâu việt quất =, Quy tắc: X = + Y Z =
Hai kết quả: - đại bàng chuột voi = đào kiwi | - ngựa cánh cụt ngựa vằn = dâu tây, Quy tắc: - Y Z = X
Hai kết quả: blackberry * - blackberry - | ngựa vằn chuột * - chuột ngựa vằn -, Quy tắc: X * - X -
Hai kết quả: chuột cá voi cò - = cò + | chuột ngựa kiwi táo - = chuột ngựa +, Quy tắc: X Y - = X +
Hai kết quả: cá voi chuối +* cá voi chuối | hải cẩu dưa hấu + * hải cẩu dưa hấu, Quy tắc: Y + * Y
Hai kết quả: dưa hấu kiwi - = kiwi dưa hấu | cá voi trâu - = cá voi trâu, Quy tắc: X - = X
Hai kết quả: + - việt quất việt quất = việt quất | + - táo táo táo táo = táo táo, Quy tắc: + - Z Z = Z
Hai kết quả: chuột chuột chuột nhật* + * | cá mập chuối cá mập chuối * + *, Quy tắc: Z Z * + *
Hai kết quả: - = táo trâu táo trâu = | - = táo chuối táo chuối =, Quy tắc: - = X X =
Hai kết quả: + dưa hấu cá mập dưa hấu = + dưa hấu | + lê đại bàng lê = + lê, Quy tắc: + Z Y = + Y
Hai kết quả: = việt quất việt quất + cò ngựa = | = hải cẩu rắn hổ mang +hải cẩu chim cánh cụt =, Quy tắc: = Y Y + Z =
Hai kết quả: = nho chuối ngựa vằn trâu - | = đại bàng đen cò -, Quy tắc: = Y X -
Hai kết quả: rắn hổ mang trâu - - cá voi * | dưa hấu - - dưa hấu *, Quy tắc: X - - Y *
Hai kết quả: + chim cánh cụt dưa hấu = | + chuột cánh cụt blackberry blackberry =, Quy tắc: + Y Z Z =
Hai kết quả: - việt quất việt quất * | - chuột chim cánh cụt chuột cánh cụt *, Quy tắc: - Y Y *
Hai kết quả: táo cá mập + nho * = | chim cánh cụt đào + táo * =, Quy tắc: Z + Y * =
Hai kết quả: hải cẩu đại bàng + con dấu đại bàng đại bàng = | đại bàng + đại bàng trâu =, Quy tắc: Z + X Z =
Hai kết quả: + hải cẩu việt quất = | + cá voi dâu tây cá mập voi dâu =, Quy tắc: + Z Z Y =
Hai kết quả: - chim cánh cụt + chim cánh cụt + | - đại bàng chuột + đại bàng chuột đại bàng chuột +, Quy tắc: - Z + Z Z +
Hai kết quả: - chuối đào dâu tây * | - cá mập đen sư tử *, Quy tắc: - X Y *
Hai kết quả: + táo cá voi +* cò | + chuột táo việt quất chuối +* táo dâu tây, Quy tắc: + Y Z + * X
Hai kết quả: lê + rắn hổ mang + | đại bàng + trâu dâu đen +, Quy tắc: Z + Y +
Hai kết quả: kiwi - blackberry kiwi * | trâu - trâu trâu *, Quy tắc: X - Z X *
Hai kết quả: kiwi lê đào đào đào = - | nho ngựa lê chuột lê chuột = -, Quy tắc: Y X X = -
Hai kết quả: cò blackberry * lê = | chuột * ngựa vằn việt quất =, Quy tắc: X * Z =
Hai kết quả: trâu kiwi * * kiwi trâu * | kiwi * * kiwi *, Quy tắc: X * * X *
Hai kết quả: cò lê - đào = đào * | trâu chim cánh cụt - cá mập đào = cá mập đào *, Quy tắc: Z - Y = Y *
Hai kết quả: ngựa vằn * chuột cá mập * - | sư tử đại bàng * rắn hổ mang đại bàng chuột trâu * -, Quy tắc: X * Z Y * -
Hai kết quả: * = trâu trâu | * = rắn hổ mang, Quy tắc: * = Y Y
Hai kết quả: - cò - blackberry eagle blackberry eagle blackberry * | - cò - chuột chuột*, Quy tắc: - X - Y Y *
Hai kết quả: = cá mập lê dâu tây nho - | = đại bàng hải cẩu táo -, Quy tắc: = X Z -
Hai kết quả: chuột * chuối blackberry * = | chim cánh cụt * cá voi * =, Quy tắc: Y * X * =
Hai kết quả: = táo + = dâu tây rắn hổ mang dâu đen | = ngựa + = cò chuột, Quy tắc: = X + = Z Y
Hai kết quả: chuối táo chuối táo + cá voi ngựa vằn + | cá mập ngựa cá mập ngựa + cò +, Quy tắc: Z Z + X +
Hai kết quả: = hải cẩu chuột chuối dâu * - rắn hổ mang | = sư tử trâu * - táo, Quy tắc: = X Z * - Y
Hai kết quả: - cá voi - cá voi - | - nho - nho -, Quy tắc: - Z - Z -
Hai kết quả: lê đại bàng +* đại bàng | đại bàng chuối + * chuối, Quy tắc: Y X + * Y
Hai kết quả: cá mập chuối - * - việt quất | táo táo trâu - * - dưa hấu việt quất, Quy tắc: X Y - * - Z
Hai kết quả: - chuối lê = blackberry | - lê = chim cánh cụt, Quy tắc: - X = Y
Hai kết quả: sư tử - rắn hổ mang chim cánh cụt - rắn hổ mang | dưa hấu - cò ngựa vằn - cò ngựa vằn, Quy tắc: X - Z - Z
Hai kết quả: * rắn hổ mang + rắn hổ mang | * đại bàng chuột + đại bàng chuột, Quy tắc: * Z + Z
Hai kết quả: = dưa hấu - + chuối nho | = đại bàng - + đào, Quy tắc: = X - + Y
Hai kết quả: - ngựa vằn chuối ngựa vằn chuối = * chuối ngựa vằn | - cò = * cò, Quy tắc: - X X = * X
Hai kết quả: ngựa = sư tử đào * ngựa * | trâu = cá voi ngựa vằn * trâu *, Quy tắc: Z = X * Z *
Hai kết quả: dưa hấu = đại bàng blackberry + chuối * | blackberry = blackberry + chim cánh cụt dâu tây *, Quy tắc: Y = Z + X *
Hai kết quả: + con dấu ngựa vằn việt quất - = | + lê nho táo - =, Quy tắc: + Z X - =
Hai kết quả: * - hải cẩu rắn hổ mang đào | * - ngựa vằn đại bàng, Quy tắc: * - Z X
Hai kết quả: rắn hổ mang kiwi - rắn hổ mang kiwi + cá mập đen | chuối trâu - chuối trâu + ngựa vằn, Quy tắc: X - X + Y
Hai kết quả: + = đào ngựa | + = chuột táo đen, Quy tắc: + = Z X
Hai kết quả: blackberry banana = = | rắn hổ mang ngựa vằn = =, Quy tắc: Y Z = =
Hai kết quả: hải cẩu trâu + * trâu kiwi * | trâu + * chuột *, Quy tắc: Y + * Z *
Hai kết quả: = dâu tây chim cánh cụt trâu + | = chim cánh cụt việt quất táo ngựa vằn +, Quy tắc: = X Y +
Hai kết quả: * + táo ngựa dâu đen | * + chim cánh cụt cá mập chim cánh cụt việt quất cá mập việt quất, Quy tắc: * + + Z Y Y
Hai kết quả: - nho việt quất đen + - nho việt quất | - lê hải cẩu đào + - đào, Quy tắc: - X Y + - Y
Hai kết quả: - dâu tây - dưa hấu = | - cá mập - hải cẩu lê =, Quy tắc: - Y - X =
Hai kết quả: = ngựa đại bàng đại bàng cá mập * | = chim cánh cụt kiwi hải cẩu nho *, Quy tắc: = Y Z X *
Hai kết quả: + - kiwi kiwi kiwi kiwi kiwi kiwi * | + - nho nho *, Quy tắc: + - X X X *
Hai kết quả: kiwi dâu tây chuối sư tử - * sư tử chuối | chim cánh cụt đào - * đào, Quy tắc: Y Z - * Z
Hai kết quả: - + con cò chuột kiwi + | - + con dấu rắn hổ mang cò +, Quy tắc: - + Y X +
Hai kết quả: chuột blackberry * rắn hổ mang + | kiwi táo cá mập đại bàng * dưa hấu chuột +, Quy tắc: Y Z * X +
Hai kết quả: - nho ngựa+nho ngựa việt quất | - ngựa rắn hổ mang + chuột nho rắn hổ mang ngựa, Quy tắc: - Z + Y Z
Hai kết quả: + kiwi = kiwi = | + cá voi = cá voi =, Quy tắc: + Y = Y =
Hai kết quả: cá voi = = cá voi | hải cẩu trâu = = lê kiwi lê kiwi, Quy tắc: Z = = X X
Hai kết quả: đại bàng cá voi chuột + * | cá mập việt quất + *, Quy tắc: X Z + *
Hai kết quả: + ngựa vằn * chuối táo chuối táo | + sư tử * chuối ngựa vằn chuối ngựa vằn, Quy tắc: + Z * X X
Hai kết quả: - - = sư tử blackberry blackberry blackberry blackberry | - - = trâu chuột đào đào, Quy tắc: - - = X Y Y
Hai kết quả: - con dấu + con dấu + | - dâu tây + dâu tây +, Quy tắc: - Z + Z Z +
Hai kết quả: - chuối sư tử - sư tử chuối nho lê | - kiwi - hải cẩu kiwi, Quy tắc: - X - X Y
Hai kết quả: - táo hải cẩu táo kiwi = | - cò chuối chuối cò cá mập táo =, Quy tắc: - Z Z X =
Hai kết quả: * lê nho lê lê chuối + = | * lê lê rắn hổ mang sư tử + =, Quy tắc: * Z Z Y + =
Hai kết quả: + - hải cẩu sư tử ngựa vằn = việt quất | + - chuột đại bàng = sư tử, Quy tắc: + - X Z = Y
Hai kết quả: đào dâu đen đào dâu đen - cá mập = | việt quất việt quất - cá mập =, Quy tắc: X X - Z =
Hai kết quả: cò hải cẩu rắn hổ mang * = + | cá mập trâu * = +, Quy tắc: X Z * = +
Hai kết quả: con dấu sư tử - + con dấu sư tử hải cẩu * | cò - + cò *, Quy tắc: X - + X X *
Hai kết quả: rắn hổ mang cá mập + cò * | dưa hấu + táo trâu *, Quy tắc: Z + X *
Hai kết quả: = chuột táo chuối kiwi = táo chuột | = đại bàng đào = đào, Quy tắc: = Z X = Z
Hai kết quả: cá mập = chim cánh cụt dưa hấu - * hải cẩu chuối | chim cánh cụt trâu = nho kiwi - * chuối cá mập, Quy tắc: Y = X - * Z
Hai kết quả: + việt quất * việt quất | + ngựa * ngựa, Quy tắc: + Y * Y
Hai kết quả: kiwi táo - kiwi táo = | đào - đào =, Quy tắc: Y - Y =
Hai kết quả: + = cá mập sư tử | + = dâu tây chim cánh cụt đại bàng việt quất, Quy tắc: + = Y Z
Hai kết quả: - chuối chuối + | - chuột cò việt quất +, Quy tắc: - Y Z +
Hai kết quả: * cò dâu = = cò dâu trâu ngựa vằn | * ngựa vằn = = sư tử ngựa vằn, Quy tắc: * X = = X Z
Hai kết quả: - + đào trâu đại bàng | - + chim cánh cụt chuối nho đào, Quy tắc: - + Z Y
Hai kết quả: cá voi cò hải cẩu * đại bàng blackberry + | lê việt quất cò ngựa * ngựa +, Quy tắc: X Y* Z +
Hai kết quả: cá mập kiwi * - * | chuột dưa hấu dâu * - *, Quy tắc: Z X * - *
Hai kết quả: * cá mập ngựa cá mập ngựa - cá mập ngựa | * đào kiwi đào kiwi - đào kiwi, Quy tắc: * Y Y - Y
Hai kết quả: quả việt quất ngựa trâu đào * * | việt quất dâu tây chuối dưa hấu ngựa * *, Quy tắc: Z Y X * *
Hai kết quả: lê nho = việt quất = ngựa vằn kiwi | đào dâu đen = ngựa nho = rắn hổ mang, Quy tắc: Z = X = Y
Hai kết quả: + đào nho* * chuột đào | + kiwi * * sư tử lê, Quy tắc: + Y * * X
Hai kết quả: * việt quất * trâu cá voi việt quất * | * cò dâu tây * cò dâu tây ngựa dâu đen *, Quy tắc: * Y* Y X *
Hai kết quả: - - chim cánh cụt = ngựa vằn | - - rắn hổ mang = trâu cá voi, Quy tắc: - - Y = Z
Hai kết quả: đào việt quất trâu trâu - + | chim cánh cụt sư tử chuột kiwi - +, Quy tắc: Z Y - +
Hai kết quả: cá voi ngựa* trâu + = trâu | rắn hổ mang đại bàng * hải cẩu + = kiwi lê, Quy tắc: X * Y + = Z
Hai kết quả: đại bàng cá voi = dưa hấu - | lê = chim cánh cụt -, Quy tắc: Y = X -
Hai kết quả: - con dấu cò blackberry + | - ngựa chuối chuột blackberry +, Quy tắc: - X Z +
Hai kết quả: - - cá voi chuột đại bàng cá voi chuột | - - dưa hấu ngựa vằn dâu đen dưa hấu ngựa vằn, Quy tắc: - - Z X Z
Hai kết quả: * hải cẩu cò + cá voi đại bàng hải cẩu cò * | * blackberry + trâu dưa hấu blackberry *, Quy tắc: * Z + X Z *
Hai kết quả: - cá voi sư tử* - nho cá mập | - nho * - dưa hấu chuột dưa hấu, Quy tắc: - Y * - Z X
Hai kết quả: cá mập mập = lê sư tử + | táo táo = dâu tây +, Quy tắc: X X = Y +
Hai kết quả: + nho nho + - ngựa | + chim cánh cụt blackberry + - việt quất, Quy tắc: + Y + - Z
Hai kết quả: chuối trâu chim cánh cụt sư tử ngựa = - + | trâu trâu chuột ngựa vằn = - +, Quy tắc: Z Y X = - +
Hai kết quả: rắn hổ mang - chuột + | cá voi dưa hấu cá voi dưa hấu - kiwi +, Quy tắc: Y Y - X +
Hai kết quả: cá mập * + táo + | táo * + ngựa blackberry +, Quy tắc: Y * + X +
Hai kết quả: * * nho cá voi kiwi nho | * * đại bàng ngựa vằn đào đại bàng, Quy tắc: * * Z X Z
Hai kết quả: = = chuối nho kiwi * kiwi | = = cá voi lê việt quất sư tử * cá voi lê, Quy tắc: = Z Y * Y
Hai kết quả: hải cẩu đại bàng = = | dưa hấu sư tử chuột trâu =, Quy tắc: Y X = =
Hai kết quả: dâu đen = ngựa ngựa - + | chuột việt quất = sư tử dâu tây sư tử dâu tây - +, Quy tắc: Y = Z Z - +
Hai kết quả: cá mập ngựa rắn hổ mang = + * | blackberry whale zebra = + *, Quy tắc: Z X = + *
Hai kết quả: rắn hổ mang dâu tây + chuột - rắn hổ mang dâu tây - | nho chuột + đại bàng - nho chuột -, Quy tắc: Y + Z - Y -
Hai kết quả: ngựa đại bàng * - hải cẩu sư tử* | rắn hổ mang dưa hấu * - nho cá mập*, Quy tắc: X * - Y *
Hai kết quả: chuối cá voi kiwi dâu tây + - trâu ngựa | nho nho táo đại bàng + - đào, Quy tắc: X Y + - Z
Hai kết quả: = trâu + + trâu | = trâu + + trâu, Quy tắc: = X + + X
Hai kết quả: trâu đại bàng = trâu = | chuối ngựa vằn rắn hổ mang trâu = trâu rắn hổ mang =, Quy tắc: X Z = Z =
Hai kết quả: * chim cánh cụt + - rắn hổ mang | * chuối + - rắn hổ mang, Quy tắc: * Z + - X
Hai kết quả: cá voi táo cá voi táo + = | rắn hổ mang + =, Quy tắc: X X + =
Hai kết quả: - rắn hổ mang + - ngựa | - nho sư tử + - chim cánh cụt, Quy tắc: - Z + - Y
Hai kết quả: sư tử* - + sư tử | ngựa đại bàng * - + ngựa đại bàng, Quy tắc: X * - + X
Hai kết quả: đào đào = + | nho = +, Quy tắc: X X = +
Hai kết quả: - + Blackberry shark penguin lion | - + quả việt quất táo cá mập trâu, Quy tắc: - + + X Y
Hai kết quả: dưa hấu blackberry = ngựa vằn ngựa vằn - | nho đào = đại bàng kiwi đại bàng kiwi kiwi -, Quy tắc: Y = X X -
Hai kết quả: + cò dưa hấu cò dưa hấu - | + nho nho -, Quy tắc: + X X -
Hai kết quả: rắn hổ mang ngựa + = = ngựa rắn hổ mang dâu tây | chim cánh cụt sư tử + = = sư tử chim cánh cụt đại bàng ngựa, Quy tắc: Z + = = Z Y
Hai kết quả: kiwi blackberry - kiwi blackberry kiwi blackberry + | dưa hấu - dưa hấu dưa hấu +, Quy tắc: Z - Z Z +
Hai kết quả: - chuột ngựa* kiwi trâu - ngựa | - ngựa vằn dâu * kiwi - hải cẩu, Quy tắc: - X * Y - Z
Hai kết quả: - sư tử ngựa = ngựa | - đại bàng sư tử táo = sư tử đại bàng, Quy tắc: - Z X = Z
Hai kết quả: * - cá voi dâu tây * trâu ngựa | * - cá mập đại bàng * ngựa vằn, Quy tắc: * - X * Y
Hai kết quả: dâu tây kiwi đào chim cánh cụt ngựa vằn = + | táo ngựa dâu đen táo chuối = +, Quy tắc: X Z Y = +
Hai kết quả: nho nho +* nho | dâu đen trâu đen trâu + * dâu đen trâu, Quy tắc: Y Y + * Y
Hai kết quả: lê đại bàng * đại bàng đại bàng - - | trâu nho * dâu tây dâu tây - -, Quy tắc: X * Z Z - -
Hai kết quả: hải cẩu - + cá voi táo | ngựa đại bàng - + blackberry kiwi, Quy tắc: Y - + + X
Hai kết quả: chuối lê - = | trâu đen - =, Quy tắc: X Y - =
Hai kết quả: - dâu dưa hấu - dâu dưa hấu - | - ngựa kiwi - ngựa kiwi -, Quy tắc: - X - X -
Hai kết quả: + + + lê hải cẩu chuối ngựa vằn | + + + đại bàng cò trâu, Quy tắc: + + + Y X
Hai kết quả: con dấu blackberry niêm phong * = | con dấu chuột trâu * =, Quy tắc: X Y * =
Hai kết quả: = cá mập rắn hổ mang đào + đào | = chim cánh cụt cá voi việt quất + cá voi, Quy tắc: = Y Z + Z
Hai kết quả: * kiwi = đại bàng kiwi = | * ngựa vằn = trâu ngựa vằn =, Quy tắc: * Y = X Y =
Hai kết quả: rắn hổ mang + đại bàng - | ngựa vằn dâu tây + ngựa vằn -, Quy tắc: X + Y -
Hai kết quả: táo đào * đại bàng * = | cò nho * con dấu * =, Quy tắc: X * Z * =
Hai kết quả: - ngựa vằn - + chim cánh cụt blackberry zebra | - con dấu cò - + con dấu cò đại bàng chuột, Quy tắc: - X - + Z X
Hai kết quả: chuối kiwi ngựa vằn việt quất - - việt quất ngựa vằn - | dưa hấu chuột - - dưa hấu -, Quy tắc: Z Y - - Y -
Hai kết quả: * kiwi * kiwi - kiwi việt quất | * đại bàng lê * đại bàng lê - con dấu rắn hổ mang, Quy tắc: * Y * Y - X
Hai kết quả: sư tử = - - sư tử | ngựa = - - ngựa, Quy tắc: X = - - X
Hai kết quả: - hải cẩu chim cánh cụt * rắn hổ mang dưa hấu = | - con dấu chuối * cò táo táo =, Quy tắc: - X * Z Y =
Hai kết quả: hải cẩu cá mập = * + hải cẩu | chim cánh cụt cò = * + dưa hấu đại bàng, Quy tắc: X = * + Y
Hai kết quả: + cò = cò + | + kiwi = kiwi +, Quy tắc: + Y = Y +
Hai kết quả: cá voi cò kiwi lê * - lê kiwi | chuột blackberry * - chuột, Quy tắc: Z Y * - Y
Hai kết quả: + - cò ngựa việt quất | + - dâu đào, Quy tắc: + - X Y
Hai kết quả: hải cẩu chuột = = hải cẩu chuột | đại bàng sư tử chuối = = đại bàng sư tử, Quy tắc: Y Z = = Z
Hai kết quả: rắn hổ mang việt quất = * táo dâu đen | hải cẩu ngựa vằn = * dâu chuối, Quy tắc: Y = * Z
Hai kết quả: - cá voi ngựa ngựa cá voi + - | - cò chuột cò chuột + -, Quy tắc: - X X + -
Hai kết quả: * đào - chuột kiwi | * dâu tây - dưa hấu trâu ngựa vằn táo, Quy tắc: * Z - Y X
Hai kết quả: + dâu đen lê dâu đen lê = - lê dâu đen | + dâu đen dâu đen dâu tây = - dâu đen, Quy tắc: + Y Y = - Y
Hai kết quả: chuối blackberry + cá voi - | dưa hấu + dâu tây -, Quy tắc: Y + X -
Hai kết quả: - = đại bàng - trâu | - = ngựa vằn - ngựa, Quy tắc: - = Y - Z
Hai kết quả: chuột = + cá mập | hải cẩu = + cá mập dâu, Quy tắc: Z = + X
Hai kết quả: hải cẩu lê * ngựa vằn chim cánh cụt * dâu tây nho * | ngựa * táo * cá voi *, Quy tắc: Z * Y * X *
Hai kết quả: = chuột chuột kiwi - dâu cá mập + | = cò ngựa dâu tây - hải cẩu kiwi +, Quy tắc: = X Z - Y +
Hai kết quả: hải cẩu chuối kiwi + con dấu * | rắn hổ mang ngựa vằn đào + rắn hổ mang *, Quy tắc: Y X + X *
Hai kết quả: lê rắn hổ mang hổ mang đại bàng * = = | chim cánh cụt nho đào việt quất * =, Quy tắc: X Y Z * = =
Hai kết quả: + táo lê - dâu đen ngựa + táo lê | + đại bàng - hải cẩu + đại bàng, Quy tắc: + X - Z + X
Hai kết quả: nho - nho chuột cá voi * + | đào - đào dâu đen đại bàng * +, Quy tắc: X - Z X * +
Hai kết quả: - kiwi kiwi kiwi + - | - dưa hấu dưa hấu dưa hấu + -, Quy tắc: - Z Z Z + -
Hai kết quả: lê dâu đen - * cá voi | kiwi nho - * chuối ngựa vằn, Quy tắc: Z - * X
Hai kết quả: - = trâu - táo | - = cò - việt quất, Quy tắc: - = Y - Z
Hai kết quả: lê ngựa vằn việt quất dâu đen * dưa hấu đào = | sư tử dưa hấu ngựa * cá mập hải cẩu =, Quy tắc: X Y * Z =
Hai kết quả: đào sư tử + * = sư tử đào sư tử đào | ngựa táo + * = táo ngựa táo ngựa, Quy tắc: Y + * = Y Y
Hai kết quả: - chuột cánh cụt * chim cánh cụt nho | - chim cánh cụt táo* cò dưa hấu cò dưa hấu dưa hấu, Quy tắc: - X * Z Z
Hai kết quả: * = - chuối chuối chuối | * = - cò cò, Quy tắc: * = - X X X
Hai kết quả: * trâu dưa hấu = trâu dưa hấu | * sư tử đào = đào sư tử, Quy tắc: * X = X
Hai kết quả: * cá voi chuối rắn hổ mang * + | * cá mập ngựa hải cẩu sư tử * +, Quy tắc: * X Z * +
Hai kết quả: + con dấu táo dâu đen * | + chim cánh cụt nho kiwi ngựa *, Quy tắc: + X Z *
Hai kết quả: + đào dưa hấu rắn hổ mang đào * - | + đào chuối chim cánh cụt đào chuối * -, Quy tắc: + X Z X * -
Hai kết quả: * đào dâu đen * * ngựa đại bàng | * chuối dưa hấu * * nho táo, Quy tắc: * Y * * Z X
Hai kết quả: dưa hấu - + dưa hấu - | kiwi - + kiwi -, Quy tắc: Z - + Z -
Hai kết quả: kiwi đại bàng = kiwi đại bàng - việt quất | táo ngựa vằn = táo ngựa vằn - dưa hấu, Quy tắc: Y = Y - Z
Hai kết quả: chuối nho* + = dưa hấu nho | chuột ngựa vằn * + = sư tử, Quy tắc: X * + = Y
Hai kết quả: - ngựa = ngựa | - kiwi = kiwi, Quy tắc: - X = X
Hai kết quả: kiwi nho kiwi kiwi + + | dưa hấu ngựa vằn đào đào + +, Quy tắc: Y X X + + +
Hai kết quả: dưa hấu nho = + lê dâu đen lê dâu đen - | đào chuột = + con dấu hải cẩu -, Quy tắc: Y = + Z Z -
Hai kết quả: - + chim cánh cụt dâu tây | - + ngựa chim cánh cụt dâu tây, Quy tắc: - + Z X
Hai kết quả: + * cá mập lê lê cá mập lê | + * chuối chuối chuối nho cò chuối chuối, Quy tắc: + * Z Y Z
Hai kết quả: * cá mập ngựa - chuột ngựa vằn + | * hải cẩu việt quất - cá voi nho +, Quy tắc: * Y - X +
Hai kết quả: cò - = * nho táo | trâu - = * táo dâu, Quy tắc: Z - = * X
Hai kết quả: ngựa chuối - ngựa vằn = - | chuối đào - trâu = -, Quy tắc: Z - X = -
Hai kết quả: * nho ngựa = kiwi | * chuột = blackberry, Quy tắc: * X = Y
Hai kết quả: * * việt quất = chuột táo việt quất | * * cá voi đại bàng = cò nho kiwi ngựa, Quy tắc: * * Z = Y X
Hai kết quả: đại bàng cò đại bàng + = * | ngựa vằn kiwi việt quất + = *, Quy tắc: Y X + = *
Hai kết quả: kiwi ngựa vằn +* kiwi ngựa vằn nho chim cánh cụt | việt quất + * cò chuối việt quất, Quy tắc: Z + * Z X
Hai kết quả: * * cò sư tử hải cẩu | * * cò dưa hấu, Quy tắc: * * X Z
Hai kết quả: - đào + ngựa vằn chuối | - sư tử + chuột, Quy tắc: - X + Y
Hai kết quả: + chuối + chuối | + táo ngựa vằn + đại bàng đại bàng, Quy tắc: + Y + Z
Hai kết quả: * táo ngựa vằn táo lê - | * cò trâu cá mập ngựa vằn -, Quy tắc: * Z X -
Hai kết quả: - cá voi dâu tây cá mập * | - rắn hổ mang rắn hổ mang cá mập ngựa vằn *, Quy tắc: - X Z Y *
Hai kết quả: kiwi kiwi dâu tây đại bàng = + | đại bàng ngựa vằn cò đại bàng ngựa vằn = +, Quy tắc: Y Y Z = +
Hai kết quả: * việt quất = hải cẩu táo = chuối trâu | * trâu việt quất = dưa hấu = ngựa vằn, Quy tắc: * Z = X = Y
Hai kết quả: sư tử + hải cẩu đại bàng hải cẩu | cò dâu tây + sư tử sư tử, Quy tắc: Y + + X X
Hai kết quả: ngựa vằn = = = táo | blackberry peach = = = cá mập, Quy tắc: Y = = = Z
Hai kết quả: = dâu đen rắn hổ mang + dâu tây | = chim cánh cụt chuối ngựa vằn đào + chim cánh cụt chuối, Quy tắc: = X Z + Z
Hai kết quả: + = con dấu nho * | + = cá voi táo ngựa vằn kiwi *, Quy tắc: + = Z X *
Hai kết quả: + cá voi cò ngựa vằn lê * | + cá voi cá mập kiwi *, Quy tắc: + Y X *
Hai kết quả: + trâu - sư tử | + chuối - ngựa việt quất ngựa việt quất, Quy tắc: + Z - X X
Hai kết quả: cá voi táo = = cá voi táo | chuột cá mập = = chuột cá mập, Quy tắc: Y = Y
Hai kết quả: - + kiwi trâu kiwi trâu | - + chim cánh cụt, Quy tắc: - + Z Z
Hai kết quả: táo dâu đen táo chuối + - * | cá mập rắn hổ mang + - *, Quy tắc: X Y + - *
Hai kết quả: - kiwi việt quất = blackberry | - táo = nho ngựa vằn, Quy tắc: - X = Y
Hai kết quả: sư tử lê + sư tử * | rắn hổ mang chuối việt quất + rắn hổ mang việt quất *, Quy tắc: Z X + X *
Hai kết quả: ngựa vằn - * ngựa vằn + | cá mập - * cá mập +, Quy tắc: X - * X +
Hai kết quả: ngựa trâu ngựa* * * | sư tử ngựa vằn đại bàng * * *, Quy tắc: X Z * * *
Hai kết quả: dâu ngựa vằn = dâu ngựa vằn * chuối | cá mập = cá mập * ngựa vằn, Quy tắc: Z = Z * X
Hai kết quả: * táo = táo = hải cẩu | * cá mập chuối = cá mập chuối = dâu đen đào, Quy tắc: * Z = Z = Y
Hai kết quả: chuối blackberry + ngựa vằn - + | chuối sư tử + rắn hổ mang - +, Quy tắc: Z + Y - +
Hai kết quả: rắn hổ mang * cá voi * | lê * sư tử việt quất *, Quy tắc: Z * X *
Hai kết quả: chim cánh cụt ngựa vằn = * rắn hổ mang chuột ngựa vằn | chim cánh cụt = * chuột chim cánh cụt, Quy tắc: Y = * Y X
Hai kết quả: - dâu kiwi + kiwi | - táo ngựa + chuối dưa hấu, Quy tắc: - Z + Y
Hai kết quả: blackberry = - blackberry blackberry | chuối = - cò chuối, Quy tắc: X = - X Z
Hai kết quả: chuột chim cánh cụt - sư tử rắn hổ mang * | đào - cá voi dưa hấu *, Quy tắc: Z - Y *
Hai kết quả: chim cánh cụt vằn + + + cò dâu | cò + + sư tử sư tử, Quy tắc: Y + + + Z
Hai kết quả: + = chuột cá mập * | + = cò trâu kiwi *, Quy tắc: + = Z X *
Hai kết quả: rắn hổ mang ngựa vằn = ngựa + | kiwi = rắn hổ mang +, Quy tắc: Y = Z +
Hai kết quả: chim cánh cụt chuối dâu tây kiwi - + * | chim cánh cụt sư tử việt quất - + *, Quy tắc: Y Z - + *
Hai kết quả: + - cò cò táo | + - rắn hổ mang táo dưa hấu, Quy tắc: + - Z X
Hai kết quả: dưa hấu = + lê cá voi dưa hấu | cá mập = + chuối đại bàng cá mập, Quy tắc: Y = + Y Z
Hai kết quả: sư tử chuột * * sư tử chuột | đại bàng chuột * * đại bàng chuột, Quy tắc: X * * X
Hai kết quả: - kiwi dưa hấu đào = nho | - nho ngựa dâu tây sư tử = dâu đen, Quy tắc: - Z Y = X
Hai kết quả: * = cò * cò chuối nho | * = trâu * trâu táo dâu đen, Quy tắc: * = Z * Z X
Hai kết quả: + = táo chuột * | + = chuối lê *, Quy tắc: + = Y X *
Hai kết quả: ngựa vằn vằn = * * | con dấu con dấu = * *, Quy tắc: Z Z = * *
Hai kết quả: * chuột blackberry + | * lê nho cò ngựa vằn +, Quy tắc: * Y Z +
Hai kết quả: - lê sư tử dưa hấu = + | - sư tử táo = +, Quy tắc: - X Z Z = +
Hai kết quả: + đại bàng đào + + lê | + rắn hổ mang + trâu lê, Quy tắc: + Y + + Z
Hai kết quả: trâu dâu * - trâu dâu trâu | lê * - lê cá mập chuột, Quy tắc: Z * - Y Z
Hai kết quả: + con dấu nho - hải cẩu | + cá voi dưa hấu táo - cò cá mập, Quy tắc: + X Z - Y
Hai kết quả: * rắn hổ mang rắn hổ mang việt quất + | * cò chuối chim cánh cụt kiwi +, Quy tắc: * X Y Z +
Hai kết quả: * + nho táo rắn hổ mang đào táo | * + rắn hổ mang cá voi cò chuột rắn hổ mang, Quy tắc: * + + Y X Y
Hai kết quả: - - cá mập dâu lê đào + lê đào | - - cá voi sư tử + cá voi, Quy tắc: - - Z Y + Y
Hai kết quả: sư tử dưa hấu + + trâu chuột + | ngựa vằn + + dưa hấu kiwi +, Quy tắc: Y + + Z +
Hai kết quả: * lê blackberry chuột * | * táo lê ngựa vằn *, Quy tắc: * Y X *
Hai kết quả: * cá mập hải cẩu rắn hổ mang = * | * trâu chuối trâu = *, Quy tắc: * X Y X = *
Hai kết quả: - * hải cẩu + rắn hổ mang dưa hấu | - * đại bàng dưa hấu + nho, Quy tắc: - * Y + Z
Hai kết quả: * chuối = = chuối ngựa sư tử | * cò dâu = = ngựa vằn dâu tây cò dâu tây, Quy tắc: * X = = Y X
Hai kết quả: chim cánh cụt = + - | quả việt quất kiwi việt quất kiwi = + -, Quy tắc: Y Y = + -
Hai kết quả: - lê chuối - lê chuối chuối kiwi + | - việt quất - ngựa việt quất +, Quy tắc: - Y - Y Z +
Hai kết quả: - chim cánh cụt = chim cánh cụt | - rắn hổ mang = rắn hổ mang, Quy tắc: - X = X
Hai kết quả: - chim cánh cụt + | - con dấu dấu +, Quy tắc: - Y Y +
Hai kết quả: - + = dưa hấu sư tử cá mập nho | - + = cá voi chim cánh cụt lê, Quy tắc: - + = Y Z
Hai kết quả: = rắn hổ mang - rắn hổ mang - | = nho - nho -, Quy tắc: = Z - Z -
Hai kết quả: - ngựa vằn * cá voi kiwi * | - sư tử * cá voi *, Quy tắc: - X * Z *
Hai kết quả: ngựa ngựa + = | việt quất việt quất + =, Quy tắc: Z Z + =
Hai kết quả: nho kiwi - kiwi nho + | nho dâu đen - nho dâu đen táo cá voi +, Quy tắc: X - X Z +
Hai kết quả: + * cá mập ngựa vằn đào | + * rắn hổ mang đại bàng, Quy tắc: + * Z Y
Hai kết quả: đại bàng + chuột = chuột = | táo trâu + blackberry = blackberry =, Quy tắc: Z + X = X =
Hai kết quả: dưa hấu việt quất sư tử + - * | cá mập việt quất + - *, Quy tắc: Z X + - *
Hai kết quả: - cá mập - cá mập | - cò - cá mập cá mập, Quy tắc: - Z - Y Y
Hai kết quả: + = chuột việt quất = chuột quả việt quất chuột | + = đại bàng = đại bàng chuột, Quy tắc: + = Y = Z Y
Hai kết quả: - - đại bàng chuối đại bàng - nho | - táo táo - rắn hổ mang, Quy tắc: - - X X - Z
Hai kết quả: - táo đại bàng * * đại bàng việt quất | - chim cánh cụt kiwi * * cá mập cá mập, Quy tắc: - X * * Z
Hai kết quả: = trâu - hải cẩu blackberry | = cá mập - chuột ngựa vằn, Quy tắc: = Y - Z
Hai kết quả: * cò kiwi * * cò chuột cò | * dâu tây * * cá voi, Quy tắc: * Y * * Z Z
Hai kết quả: cá mập sư tử + quả táo việt quất * | chim cánh cụt kiwi + + nho ngựa*, Quy tắc: X + + Y *
Hai kết quả: ngựa vằn vằn = chuối = | sư tử sư tử = trâu cá voi =, Quy tắc: X X = Y =
Hai kết quả: chuối = sư tử - + hải cẩu | rắn hổ mang sư tử = việt quất - + sư tử chuối, Quy tắc: Z = Y - + X
Hai kết quả: - cò kiwi * dưa hấu | - cò * đại bàng rắn hổ mang, Quy tắc: - Y * X
Hai kết quả: táo chuột blackberry = + | táo đào = +, Quy tắc: Z Y = +
Hai kết quả: * cá mập chuối cá mập chuối cá mập chuối cá mập = | * blackberry blackberry blackberry =, Quy tắc: * Z Z Z =
Hai kết quả: ngựa vằn sư tử + sư tử ngựa vằn lê chuột * - | cò + cò dâu * -, Quy tắc: X + X Z * -
Hai kết quả: chim cánh cụt = sư tử dưa hấu + | chuối = cá mập lê +, Quy tắc: Z = X +
Hai kết quả: * = dâu dưa hấu + chim cánh cụt | * = con dấu + quả việt quất, Quy tắc: * = Z + X
Hai kết quả: nho + lê - nho - | táo + dưa hấu - táo -, Quy tắc: X + Y - X -
Hai kết quả: đào = nho dâu đen + = | trâu việt quất = việt quất + =, Quy tắc: Z = Y + =
Hai kết quả: * * táo dâu tây - táo dâu tây | * * cá voi blackberry - cá voi đen, Quy tắc: * * Z - Z
Hai kết quả: + * táo chuột hải cẩu dưa hấu | + * cá mập hải cẩu trâu, Quy tắc: + * Y X
Hai kết quả: + - ngựa vằn việt quất + ngựa vằn việt quất ngựa vằn | + - cò + lê dưa hấu cò, Quy tắc: + - X + Y X
Hai kết quả: + quả việt quất nho* nho việt quất * | + kiwi * kiwi *, Quy tắc: + Y * Y *
Hai kết quả: kiwi + dâu tây = | cá mập + lê =, Quy tắc: Y + Z =
Hai kết quả: - việt quất việt quất trâu dưa hấu * cò | - cá mập ngựa* đại bàng, Quy tắc: - X Y* Z
Hai kết quả: + chim cánh cụt - cá voi ngựa = | + đào - chuối dâu =, Quy tắc: + Y - X =
Hai kết quả: * + chuối chuột đào | * + chim cánh cụt đại bàng, Quy tắc: * + X Z
Hai kết quả: dâu tây = ngựa + | việt quất = cá mập chim cánh cụt +, Quy tắc: X = Z +
Hai kết quả: = = rắn hổ mang đào đào | = kiwi kiwi, Quy tắc: = Z Z
Hai kết quả: - con dấu = kiwi lê | - rắn hổ mang = nho nho, Quy tắc: - Z = Y
Hai kết quả: táo táo táo táo táo * * | ngựa * *, Quy tắc: X X * *
Hai kết quả: đại bàng đại bàng + - | chuột blackberry rat blackberry + -, Quy tắc: X X + -
Hai kết quả: ngựa vằn = - + lê đào | chuột sư tử = - + dưa hấu đào, Quy tắc: X = - + Z
Hai kết quả: trâu rắn hổ mang = trâu rắn hổ mang + * | lê dâu đen = lê dâu đen + *, Quy tắc: X = X + *
Hai kết quả: + ngựa ngựa - | + cò lê cò lê lê -, Quy tắc: + Y Y -
Hai kết quả: con dấu con dấu - * | nho nho - *, Quy tắc: Z Z Z - *
Hai kết quả: rắn hổ mang đào = dâu tây chim cánh cụt + - rắn hổ mang đào | chuối = rắn hổ mang táo + - chuối, Quy tắc: X = Z + - X
Hai kết quả: dưa hấu kiwi đại bàng cò * + | chim cánh cụt lê đại bàng * +, Quy tắc: Z Y * +
Hai kết quả: = dâu tây lê nho * | = táo ngựa *, Quy tắc: = Y Z *
Hai kết quả: = chuột cá voi đại bàng đen đại bàng * = | = chuột cò chuột dâu * =, Quy tắc: = Z X Y * =
Hai kết quả: = - táo - táo | = - dưa hấu - dưa hấu, Quy tắc: = - X - X
Hai kết quả: = chuối cá mập - ngựa vằn trâu = chim cánh cụt | = ngựa vằn chuột - việt quất = chuột, Quy tắc: = Y - X = Z
Hai kết quả: - dâu cá voi = hải cẩu cá voi trâu dâu = | - rắn hổ mang = táo việt quất rắn hổ mang ngựa =, Quy tắc: - X = Z X =
Hai kết quả: * cò cá mập cò - - | * dưa hấu dưa hấu - -, Quy tắc: * Z Z - -
Hai kết quả: chuối dâu đen - chim cánh cụt - + | dâu tây việt quất - dưa hấu - +, Quy tắc: Y - X - +
Hai kết quả: + trâu đen việt quất + | + chuột sư tử cá mập hải cẩu chuối +, Quy tắc: + X Z Y +
Hai kết quả: việt quất = đại bàng việt quất đại bàng việt quất - = | sư tử nho = cá mập cá mập - =, Quy tắc: Z = Y Y - =
Hai kết quả: kiwi - đào cá voi kiwi + | dâu đen - cá mập hải cẩu dâu đen +, Quy tắc: Y - Z Y +
Hai kết quả: dưa hấu việt quất trâu * chuối trâu * - | blackberry blackberry * cá voi chuối * -, Quy tắc: Z X * Y * -
Hai kết quả: - táo sư tử kiwi = táo | - cá voi dâu = nho việt quất, Quy tắc: - Z X = Y
Hai kết quả: + đại bàng đại bàng - | + đại bàng việt quất đại bàng việt quất -, Quy tắc: + Y Y -
Hai kết quả: + * lê cá mập đào | + * trâu voi, Quy tắc: + * Y X
Hai kết quả: cò táo = * cò táo + dưa hấu kiwi | trâu = * trâu + ngựa, Quy tắc: Y = * Y + Z
Hai kết quả: * * ngựa vằn đại bàng | * * sư tử chuột dưa hấu, Quy tắc: * * Y Z
Hai kết quả: chuột * việt quất đào ngựa vằn = * | lê kiwi * rắn hổ mang chim cánh cụt = *, Quy tắc: Z * Y X = *
Hai kết quả: = cá voi đào = cá voi đại bàng đào | = chuột nho = táo chuột nho, Quy tắc: = Y = Y Z
Hai kết quả: + đào sư tử nho + | + táo chim cánh cụt ngựa +, Quy tắc: + Z X +
Hai kết quả: cá voi voi - = cá voi voi | rắn hổ mang ngựa vằn - = rắn hổ mang ngựa vằn, Quy tắc: Y - = Y
Hai kết quả: - = chuối dâu chuối * | - = cá mập chim cánh cụt rắn hổ mang trâu chim cánh cụt cá mập *, Quy tắc: - = Z X Z *
Hai kết quả: quả việt quất nho việt quất nho - ngựa - * | chuối chuối - con dấu - *, Quy tắc: Y Y - X - *
Hai kết quả: chim cánh cụt blackberry + = chim cánh cụt blackberry zebra seal | táo ngựa + = trâu ngựa táo, Quy tắc: Z + = Z Y
Hai kết quả: quả việt quất kiwi chuột * = | cò lê * =, Quy tắc: X Y * =
Hai kết quả: + chuột chuột + kiwi | + dưa hấu dưa hấu + nho, Quy tắc: + Z Z + + X
Hai kết quả: nho đào = + lê đào nho | ngựa vằn = + ngựa vằn đào, Quy tắc: X = + Y X
Hai kết quả: - lê chim cánh cụt dâu tây - + | - rắn hổ mang đại bàng - +, Quy tắc: - Y Z - +
Hai kết quả: táo kiwi dâu tây - * dâu tây + | táo chuột dâu đen nho - * nho blackberry +, Quy tắc: Z Y - * Y +
Hai kết quả: - = rắn hổ mang voi chim cánh cụt - | - = dâu đen đào chuối ngựa chuối ngựa -, Quy tắc: - = Y X X -
Hai kết quả: trâu sư tử trâu sư tử - = chuối chuối | dưa hấu hải cẩu hải cẩu - = táo dâu đen, Quy tắc: Z Z - = X
Hai kết quả: + chuột dưa hấu trâu rắn hổ mang + | + táo ngựa vằn +, Quy tắc: + Y X +
Hai kết quả: * * + lê dâu đen | * * + blackberry kiwi, Quy tắc: * * + Y X
Hai kết quả: cò đại bàng + cò = * | rắn hổ mang nho sư tử + sư tử = *, Quy tắc: Z X + X = *
Hai kết quả: dưa hấu chuột + + | chuối chuối +, Quy tắc: X Y + +
Hai kết quả: táo sư tử ngựa vằn * * = sư tử ngựa vằn | chuối dâu tây ngựa * * = chuối dâu, Quy tắc: Z Y * * = Z
Hai kết quả: - * kiwi chuối = kiwi chuối | - * kiwi = kiwi, Quy tắc: - * X = X
Hai kết quả: hải cẩu cá mập hải cẩu cá mập cá mập - - | rắn hổ mang rắn hổ mang - -, Quy tắc: Y Y Y - -
Hai kết quả: cá mập dưa hấu - nho = - rắn hổ mang cá mập | sư tử - lê đào = - nho cá voi, Quy tắc: X - Y = - Z
Hai kết quả: đào ngựa * * cá mập | dưa hấu lê cá mập cò * * táo cá voi, Quy tắc: Y X * * Z
Hai kết quả: lê táo + - hải cẩu lê táo | ngựa vằn + - dưa hấu ngựa vằn, Quy tắc: X + - Z X
Hai kết quả: chim cánh cụt đại bàng dưa hấu * = - | đào nho chuối đào * = -, Quy tắc: Z Y X * = -
Hai kết quả: * cò ngựa cò = | * cò sư tử cò sư tử =, Quy tắc: * Y Z Y =
Hai kết quả: + sư tử chuột * = | + con dấu chuột đại bàng đại bàng * =, Quy tắc: + Y Y X * =
Hai kết quả: việt quất = việt quất - * | chuối kiwi = chuối kiwi - *, Quy tắc: Z = Z - *
Hai kết quả: = - quả việt quất đào | = - dưa hấu lê cá voi dưa hấu, Quy tắc: = - Z Y
Hai kết quả: chuối dưa hấu - cò dưa hấu chuối = | chuối - lê chuối =, Quy tắc: Z - Y Z =
Hai kết quả: hải cẩu đào - - = | chim cánh cụt chuối nho dưa hấu - - =, Quy tắc: X Y - - =
Hai kết quả: chim cánh cụt đại bàng - chim cánh cụt đào = chim cánh cụt đại bàng | ngựa vằn kiwi - táo táo = ngựa vằn kiwi, Quy tắc: Y - X = Y
Hai kết quả: + chim cánh cụt + chim cánh cụt chuột | + cá voi + việt quất, Quy tắc: + Z + Y
Hai kết quả: + ngựa đại bàng ngựa vằn - = đại bàng | + cá voi nho ngựa việt quất - = cá voi nho, Quy tắc: + Y X - = Y
Hai kết quả: - * - dâu đen chuối | - * - lê trâu đào sư tử, Quy tắc: - * - X Z
Hai kết quả: sư tử việt quất sư tử việt quất +* sư tử việt quất * | sư tử đào sư tử đào + * sư tử đào *, Quy tắc: Z Z + * Z *
Hai kết quả: chim cánh cụt = ngựa vằn việt quất + | chuối lê = cá voi ngựa +, Quy tắc: X = Z +
Hai kết quả: - nho cá voi = + lê trâu | - sư tử = + lê, Quy tắc: - X = + Z
Hai kết quả: chuột dưa hấu cá voi dưa hấu cá voi - = | lê dưa hấu chuột dưa hấu chuột - =, Quy tắc: Z Y Y - =
Hai kết quả: cá voi trâu + * * cò táo trâu | việt quất + * * cá mập blackberry kiwi trâu, Quy tắc: Y + * * * Z X
Hai kết quả: cò đại bàng - + | nho đại bàng blackberry - +, Quy tắc: X Y - +
Hai kết quả: nho - * chuối trâu nho + | táo - * rắn hổ mang táo +, Quy tắc: X - * X Y +
Hai kết quả: + * việt quất việt quất việt quất việt quất việt quất | + * chuối dâu chuối dâu tây chuối dâu tây, Quy tắc: + * Y Y Y
Hai kết quả: + dâu đen dâu đen dâu đen | + chuối đào rắn hổ mang đào táo dâu tây, Quy tắc: + X Y Z
Hai kết quả: = + nho - đại bàng việt quất | = + chim cánh cụt việt quất - kiwi, Quy tắc: = + Y - X
Hai kết quả: chuối - * cá voi cá mập | sư tử ngựa vằn - * chuối, Quy tắc: X - * Y
Hai kết quả: + - đại bàng đại bàng | + - táo táo, Quy tắc: + - Z Z
Hai kết quả: táo dâu tây dưa hấu táo - + | sư tử nho cá mập sư tử - +, Quy tắc: Z Y Z - +
Hai kết quả: đào + = nho chuột đào | ngựa vằn kiwi + = kiwi ngựa vằn trâu dưa hấu, Quy tắc: Z + = Z Y
Hai kết quả: = + đại bàng chuối đại bàng ngựa chuối | = + dâu đại bàng dâu tây đại bàng nho dâu đen, Quy tắc: = + Z Z X
Hai kết quả: * + cá mập rắn hổ mang - cá mập rắn hổ mang | * + rắn hổ mang - rắn hổ mang, Quy tắc: * + Z - Z
Hai kết quả: con dấu * con dấu + + | con dấu trâu * hải cẩu trâu +, Quy tắc: Y * Y + +
Hai kết quả: blackberry blackberry * cá mập * = | lê dưa hấu lê dưa hấu * chuột đại bàng * =, Quy tắc: Z Z * X * =
Hai kết quả: - - - dâu đại bàng dâu tây đại bàng | - - kiwi kiwi, Quy tắc: - - - Z Z
Hai kết quả: * = chuột cánh cụt ngựa vằn + | * = ngựa vằn ngựa vằn dưa hấu +, Quy tắc: * = Z Y +
Hai kết quả: cò đại bàng = = nho dưa hấu | hải cẩu cò = = chuối việt quất, Quy tắc: Y = = X
Hai kết quả: đại bàng táo = - đại bàng táo - | sư tử cá voi = - sư tử cá voi -, Quy tắc: X = - X -
Hai kết quả: * hải cẩu chim cánh cụt - hải cẩu ngựa táo | * hải cẩu trâu - hải cẩu trâu đen, Quy tắc: * Y - Y X
Hai kết quả: - * ngựa vằn = ngựa việt quất | - * trâu sư tử = cá mập nho, Quy tắc: - * Z = Y
Hai kết quả: = chuối dâu đen chim cánh cụt lê + | = cá mập dưa hấu rắn hổ mang cá voi +, Quy tắc: = Y Z X +
Hai kết quả: cò nho +* rắn hổ mang đại bàng * | rắn hổ mang sư tử + * cò *, Quy tắc: X + * Z *
Hai kết quả: + dưa hấu việt quất đào chuối + | + trâu dưa hấu đại bàng +, Quy tắc: + Z X +
Hai kết quả: dâu đen nho đại bàng táo - nho blackberry + | lê dâu đen ngựa vằn - dâu đen ngựa vằn +, Quy tắc: Y Z - Y +
Hai kết quả: + dâu trâu * rắn hổ mang dưa hấu | + dâu đào * táo nho, Quy tắc: + Y * X
Hai kết quả: - - = cò việt quất táo kiwi | - - = cá voi ngựa vằn, Quy tắc: - - = Z X Y
Hai kết quả: = chuối đào nho đào = nho đào | = đào kiwi hải cẩu nho = hải cẩu nho, Quy tắc: = X Z = Z
Hai kết quả: ngựa táo đào + - táo đào | đại bàng cá mập chuối + - cá mập chuối, Quy tắc: Y X + - Y
Hai kết quả: + cá mập sư tử cá mập sư tử = chuột | + cá mập ngựa cá mập ngựa = = kiwi, Quy tắc: + Y Y = = X
Hai kết quả: chuối chuối * - = | đại bàng đại bàng * - =, Quy tắc: Z Z * - =
Hai kết quả: + chim cánh cụt cò chuột cò chuột + | + ngựa vằn nho lê lê chuột +, Quy tắc: + Z Y Y +
Hai kết quả: rắn hổ mang * rắn hổ mang * rắn hổ mang | ngựa * ngựa * ngựa, Quy tắc: X * X * X
Hai kết quả: * * = lê đào trâu kiwi | * * = chim cánh cụt việt quất cá mập dâu tây, Quy tắc: * * = X Z Y
Hai kết quả: rắn hổ mang táo + con dấu = + | sư tử dâu tây + con dấu táo = +, Quy tắc: Y + X = +
Hai kết quả: chim cánh cụt kiwi * = chim cánh cụt kiwi chim cánh cụt kiwi | đại bàng chim cánh cụt * = chim cánh cụt đại bàng chim cánh cụt đại bàng, Quy tắc: X * = X X
Hai kết quả: = - cá mập đại bàng cá mập đại bàng + | = - trâu trâu +, Quy tắc: = - Z Z +
Hai kết quả: - dâu tây * dưa hấu lê kiwi = | - chuối * chuột chuối dưa hấu trâu =, Quy tắc: - Y * X Z =
Hai kết quả: chuối lê - đào + chuối lê = | đại bàng việt quất - chuột + đại bàng việt quất =, Quy tắc: X - Y + X =
Hai kết quả: = * con dấu con dấu | = * chuột việt quất chuột việt quất chuột việt quất, Quy tắc: = * X X X
Hai kết quả: táo - + sư tử | cá mập - + ngựa vằn, Quy tắc: Y - + Z
Hai kết quả: kiwi cá voi kiwi * + + | blackberry cobra lê blackberry cobra * +, Quy tắc: Y X Y* + +
Hai kết quả: * blackberry + - dâu đen chuối | * lê chuối + - lê chuối dâu tây, Quy tắc: * X + - X Z
Hai kết quả: chuối táo = - + chuối táo | con dấu con dấu = - + con dấu, Quy tắc: Z = - + Z
Hai kết quả: - sư tử sư tử * | - blackberry blackberry *, Quy tắc: - X X *
Hai kết quả: = nho chuột - táo việt quất dưa hấu kiwi * | = cá voi - cò dưa hấu rắn hổ mang *, Quy tắc: = X - Z Y *
Hai kết quả: + táo + = chuối trâu | + đào + = chuột, Quy tắc: + X + = Z
Hai kết quả: dưa hấu + - = lê dưa hấu | dâu đại bàng + - = ngựa dâu, Quy tắc: X + - = Z
Hai kết quả: = + sư tử rắn hổ mang sư tử quả táo việt quất | = + rắn hổ mang trâu đào kiwi, Quy tắc: = + X Y Z
Hai kết quả: cò rắn hổ mang * dâu tây - | lê * blackberry -, Quy tắc: Z * Y -
Hai kết quả: cò đào - * cò | đại bàng nho sư tử - * sư tử, Quy tắc: Z Y - * Z
Hai kết quả: chim cánh cụt kiwi chim cánh cụt kiwi chuối + + - | lê đào đào sư tử + + -, Quy tắc: X X Y + + -
Hai kết quả: - = ngựa ngựa đen sư tử | - = cá voi đại bàng việt quất, Quy tắc: - = X Z
Hai kết quả: nho blackberry * = rắn hổ mang | ngựa vằn * = ngựa lê, Quy tắc: Y * = Z
Hai kết quả: = ngựa cá voi - cò | = trâu cò - đào, Quy tắc: = Y - X
Hai kết quả: rắn hổ mang lê chuối chuối * * + | cá mập kiwi * * +, Quy tắc: Z X X * * +
Hai kết quả: cá mập + sư tử dâu đen lê * * | trâu + chim cánh cụt blackberry rắn hổ mang trâu * *, Quy tắc: Y + X Z * *
Hai kết quả: nho đào dâu đen + - = | dâu tây lê nho chuối + - =, Quy tắc: X Z + - =
Hai kết quả: cá voi rắn hổ mang * = + rắn hổ mang kiwi | dưa hấu blackberry * = + blackberry dưa hấu blackberry, Quy tắc: Z * = + Z X
Hai kết quả: - dưa hấu đào + đào | - nho trâu sư tử việt quất + sư tử việt quất, Quy tắc: - X Z + Z
Hai kết quả: hải cẩu chim cánh cụt = * kiwi trâu - hải cẩu sư tử | trâu táo = * chim cánh cụt dâu tây - chim cánh cụt, Quy tắc: Z = * Y - X
Hai kết quả: kiwi việt quất - dâu tây = | sư tử - dưa hấu dưa hấu =, Quy tắc: Z - X X =
Hai kết quả: nho dâu đen + lê chuột + ngựa vằn dưa hấu | rắn hổ mang + cá voi dâu đen + hải cẩu lê, Quy tắc: Y + X + Z
Hai kết quả: * cá voi sư tử +* lê chuối | * đại bàng + * trâu nho, Quy tắc: * X + * Y
Hai kết quả: chuối chuối = chuối | chim cánh cụt = chim cánh cụt, Quy tắc: Z Z = = Z
Hai kết quả: cá voi ngựa +* ngựa | lê đại bàng cá mập dâu tây + * đại bàng lê, Quy tắc: X Z + * X
Hai kết quả: cá voi dưa hấu + = cá voi dưa hấu | rắn hổ mang + = rắn hổ mang, Quy tắc: Z + = Z
Hai kết quả: cá mập táo cá voi đại bàng dưa hấu - + | nho kiwi blueberry rắn hổ mang - +, Quy tắc: Y Z X - +
Hai kết quả: chuột táo chuột táo * = | kiwi kiwi * =, Quy tắc: X X * =
Hai kết quả: sư tử sư tử = hải cẩu - | cá mập đại bàng cá mập đại bàng = táo -, Quy tắc: X X = Z -
Hai kết quả: = + con dấu rắn hổ mang rắn hổ mang | = + blackberry blackberry, Quy tắc: = + Y Y
Hai kết quả: cò dâu tây cò = + cò dâu | hải cẩu cá mập hải cẩu = + hải cẩu cá mập, Quy tắc: Z Z = + Z
Hai kết quả: * nho dâu tây * dâu tây nho dâu tây nho - | * ngựa vằn việt quất * ngựa vằn việt quất việt quất -, Quy tắc: * Y* Y Y -
Hai kết quả: sư tử cá voi - cá voi + | dâu tây đào dâu đen - dâu tây +, Quy tắc: Y Z - Y +
Hai kết quả: * chim cánh cụt * chim cánh cụt + | * blackberry * blackberry +, Quy tắc: * Z* Z +
Hai kết quả: kiwi * kiwi * kiwi - | chuột * chuột * chuột -, Quy tắc: Z * Z * Z -
Hai kết quả: = việt quất = - ngựa cá voi | = cá voi rắn hổ mang = - ngựa vằn việt quất, Quy tắc: = X = - Z
Hai kết quả: + - trâu ngựa vằn dưa hấu dâu tây | + - kiwi táo rắn hổ mang, Quy tắc: + - X Y
Hai kết quả: con dấu sư tử - - hải cẩu sư tử | nho chim cánh cụt - - nho chim cánh cụt, Quy tắc: Z - - Z
Hai kết quả: = đào đào đào - | = cò cá mập cò cá mập cò cá mập -, Quy tắc: = Y Y Y -
Hai kết quả: ngựa vằn ngựa vằn = * ngựa vằn - | đại bàng sư tử đại bàng = * đại bàng sư tử -, Quy tắc: Y Y = * Y -
Hai kết quả: + = = chuột | + = ngựa, Quy tắc: + = = Y Y
Hai kết quả: - blackberry seal eagle = + | - cò việt quất = +, Quy tắc: - Z Y = +
Hai kết quả: cá voi việt quất = cá voi việt quất dâu = | hải cẩu lê = cá voi lê hải cẩu =, Quy tắc: X = Y X =
Hai kết quả: * ngựa dâu đen +* dưa hấu cá voi đen | * dưa hấu + * dâu dưa hấu, Quy tắc: * X + * X Y
Hai kết quả: = = dưa hấu chim cánh cụt dưa hấu chim cánh cụt = | = sư tử sư tử =, Quy tắc: = = X X =
Hai kết quả: - = dâu tây sư tử ngựa | - = chim cánh cụt cá mập kiwi, Quy tắc: - = Z Y
Hai kết quả: * sư tử sư tử trâu chuối + trâu chuối - | * trâu cá voi đào + trâu cá voi -, Quy tắc: * Z X + X -
Hai kết quả: rắn hổ mang đại bàng = * táo dâu đen - | sư tử = * táo -, Quy tắc: X = * Z -
Hai kết quả: + dưa hấu cò - trâu ngựa vằn | + rắn hổ mang - dưa hấu kiwi, Quy tắc: + X - Z
Hai kết quả: - ngựa vằn lê * trâu chuối | - nho * cá voi ngựa, Quy tắc: - Y * X Z
Hai kết quả: dưa hấu rắn hổ mang blackberry = * - blackberry | nho chim cánh cụt blackberry = * - blackberry, Quy tắc: X Y = * - Y
Hai kết quả: nho = chuối việt quất + | dưa hấu = táo +, Quy tắc: Z = X +
Hai kết quả: cá voi = cá voi + | sư tử = sư tử +, Quy tắc: X = X +
Hai kết quả: - chuột việt quất = sư tử việt quất | - sư tử = dưa hấu kiwi, Quy tắc: - Y = Z
Hai kết quả: * + sư tử chuột sư tử chuối | * + nho dâu tây nho dâu tây ngựa vằn, Quy tắc: * + X X Y
Hai kết quả: lê dâu tây * + dâu lê dâu tây lê | chim cánh cụt trâu * + chim cánh cụt trâu trâu, Quy tắc: Z * + Z Z
Hai kết quả: * con dấu sư tử blackberry = + con dấu | * dâu dưa hấu = + dưa hấu, Quy tắc: * Z Y = + Z
Hai kết quả: - - đào ngựa * đào ngựa | - - sư tử chuối * sư tử chuối, Quy tắc: - - Y * Y
Hai kết quả: + cò dưa hấu việt quất cò dưa hấu - + | + cá mập lê cá mập sư tử cá mập lê - +, Quy tắc: + Z X Z - +
Hai kết quả: cá voi chim cánh cụt + chim cánh cụt dâu tây - | hải cẩu ngựa vằn + đại bàng -, Quy tắc: Y + X -
Hai kết quả: hải cẩu cá mập * - + | chim cánh cụt dâu tây * - +, Quy tắc: Z Y * - +
Hai kết quả: - cá mập dưa hấu * đào dưa hấu chuột kiwi - | - chim cánh cụt hải cẩu * rắn hổ mang cá mập hải cẩu dâu tây -, Quy tắc: - Z * Y X -
Hai kết quả: = + kiwi blackberry + chuột | = + kiwi + cá mập, Quy tắc: = + X + Z
Hai kết quả: * dâu dưa hấu - dưa hấu | * việt quất - đại bàng đào, Quy tắc: * Z - Y
Hai kết quả: trâu ngựa nho = * chuối trâu | cá voi trâu dâu = * lê trâu, Quy tắc: Z Y = * X
Hai kết quả: + chuối cá voi rắn hổ mang * | + blackberry eagle apple *, Quy tắc: + Y X *
Hai kết quả: + chim cánh cụt kiwi ngựa vằn chim cánh cụt kiwi + * | + trâu cá mập chuối trâu + *, Quy tắc: + Y Z Y + *
Hai kết quả: = đào kiwi + * sư tử | = dưa hấu dưa hấu + * chim cánh cụt đào, Quy tắc: = Z + * Y
Hai kết quả: rắn hổ mang cá voi rắn hổ mang + cá voi rắn hổ mang - | ngựa vằn + ngựa vằn -, Quy tắc: Y Y + Y -
Hai kết quả: * = dâu ngựa* dâu ngựa nho | * = táo * dâu tây táo ngựa vằn, Quy tắc: * = X * Z X
Hai kết quả: = chuối ngựa vằn việt quất = * đại bàng đại bàng | = nho việt quất = * đào, Quy tắc: = Y Z = * X
Hai kết quả: sư tử + sư tử + = sư tử | rắn hổ mang chuối + = chuối rắn hổ mang, Quy tắc: X + X + = X
Hai kết quả: cò hải cẩu đào rắn hổ mang đào rắn hổ mang * - = | ngựa dâu đen * - =, Quy tắc: Z X X * - =
Hai kết quả: ngựa vằn * cá mập ngựa vằn + - | blackberry * blackberry eagle + -, Quy tắc: Y * Y X + -
Hai kết quả: - - ngựa đại bàng trâu | - - chuột rắn hổ mang, Quy tắc: - - X Y
Hai kết quả: * + = ngựa đen cá mập | * + = cá voi táo cò, Quy tắc: * + = Y Z
Hai kết quả: = chim cánh cụt = chim cánh cụt | = táo = táo táo, Quy tắc: = Y = Y Y
Hai kết quả: việt quất * - chuối đào | hải cẩu dưa hấu * - đào, Quy tắc: X * - Y
Hai kết quả: + = rắn hổ mang dưa hấu - trâu chuối kiwi | + = ngựa cá mập - cá mập ngựa kiwi hải cẩu, Quy tắc: + = Z - Y X
Hai kết quả: = * nho * kiwi lê | = * táo đào * chuối kiwi, Quy tắc: = * X * Y
Hai kết quả: - táo = cò sư tử chim cánh cụt táo | - kiwi = cò sư tử chuối, Quy tắc: - X = Y Z
Hai kết quả: lê dâu đen - = lê dâu đen lê dâu đen + | chuột chuối - = chuột chuối chuột chuối +, Quy tắc: Z - = Z Z +
Hai kết quả: dâu tây dâu tây * - = dâu tây dâu tây | chim cánh cụt sư tử * - = chim cánh cụt sư tử, Quy tắc: X * - = X
Hai kết quả: cá voi chuột kiwi + + | kiwi kiwi eagle + +, Quy tắc: Z X + + +
Hai kết quả: đại bàng sư tử đại bàng * - - | lê dâu tây cò lê * - -, Quy tắc: Y Z Y * - -
Hai kết quả: ngựa = ngựa - + đào | nho = nho - + kiwi, Quy tắc: Z = Z - + X
Hai kết quả: ngựa vằn vằn * - ngựa dâu | đại bàng đào đại bàng đào đào đào * - cá mập, Quy tắc: Z Z * - Y
Hai kết quả: đại bàng = + đại bàng sư tử kiwi | lê = + quả lê dâu đen nho, Quy tắc: Y = + X Y
Hai kết quả: hải cẩu việt quất * = hải cẩu việt quất = | cá voi chuột * = cá voi chuột =, Quy tắc: Y * = Y =
Hai kết quả: hải cẩu trâu hải cẩu trâu + dưa hấu + | dưa hấu dưa hấu + cá voi dưa hấu +, Quy tắc: Z Z + Y +
Hai kết quả: * + ngựa * | * + đại bàng đại bàng *, Quy tắc: * + Z Z *
Hai kết quả: + kiwi dưa hấu kiwi dưa hấu - * | + đại bàng đại bàng - *, Quy tắc: + Z Z - *
Hai kết quả: = = + cò chim cánh cụt dâu tây | = = + chim cánh cụt ngựa vằn việt quất, Quy tắc: = = + Z Y
Hai kết quả: chuột chuột = * * chuột chuột | táo đào = * * táo đào, Quy tắc: X = * * X
Hai kết quả: hải cẩu chuột - = | ngựa vằn dưa hấu cá voi ngựa vằn - =, Quy tắc: Y Z Y - =
Hai kết quả: + = chim cánh cụt đại bàng ngựa vằn | + = rắn hổ mang cá voi, Quy tắc: + = X Y
Hai kết quả: = kiwi việt quất việt quất việt quất việt quất - | = nho sư tử việt quất nho việt quất -, Quy tắc: = X Z Z -
Hai kết quả: = * chuột táo táo - chuột táo | = * niêm phong táo đào - đào, Quy tắc: = * Z Y - Y
Hai kết quả: con dấu * đào đào * - | cò * lê * -, Quy tắc: X * Y * -
Hai kết quả: dưa hấu dưa hấu sư tử = * | cò cò = *, Quy tắc: Y Y X = *
Hai kết quả: * chuột - chuột = chuột | * cá mập táo - chuối = cá mập táo, Quy tắc: * Y - X = Y
Hai kết quả: = hải cẩu ngựa vằn đào sư tử đào sư tử * | = cò ngựa blackberry *, Quy tắc: = X Z Z *
Hai kết quả: sư tử đại bàng = sư tử đại bàng + sư tử đại bàng | nho = nho + nho, Quy tắc: Y = Y + Y
Hai kết quả: + dâu tây ngựa - kiwi dưa hấu việt quất + | + cá mập dưa hấu - chuối dưa hấu +, Quy tắc: + Y - X Z +
Hai kết quả: nho = dâu đen đào + = | dưa hấu dưa hấu = lê + =, Quy tắc: Y = X + =
Hai kết quả: - dâu đen - dâu đen | - hải cẩu dưa hấu - hải cẩu dưa hấu, Quy tắc: - - Z - Z
Hai kết quả: chuối + - * hải cẩu chuối | sư tử + - * sư tử cá voi cá mập, Quy tắc: Z + - * X Z
Hai kết quả: cá mập táo = dâu đen ngựa vằn - | cá mập đào = sư tử -, Quy tắc: X = Z -
Hai kết quả: = = kiwi cobra kiwi cobra | = blueberry blueberry, Quy tắc: = = X X
Hai kết quả: kiwi kiwi + nho = | táo táo + cá voi sư tử =, Quy tắc: Z Z + X =
Hai kết quả: = * cá mập táo lê | = * cò cá mập ngựa kiwi cò, Quy tắc: = * Z X Y
Hai kết quả: đào - đào + | nho sư tử - nho sư tử +, Quy tắc: Z - Z +
Hai kết quả: cá voi ngựa vằn việt quất = + | lê nho lê = +, Quy tắc: X Z = +
Hai kết quả: * trâu dưa hấu trâu trâu dưa hấu blackberry = | * trâu chuối trâu chuối chuối =, Quy tắc: * Z Z Y =
Hai kết quả: trâu trâu * + | kiwi đào kiwi đào * +, Quy tắc: Z Z * +
Hai kết quả: lê dâu đen = kiwi dưa hấu = kiwi dưa hấu | cá voi việt quất = việt quất việt quất = việt quất việt quất, Quy tắc: Z = Y = Y
Hai kết quả: rắn hổ mang ngựa vằn = * hải cẩu | cá voi kiwi = * chim cánh cụt đào, Quy tắc: Z = * Y
Hai kết quả: cá voi đại bàng cá voi = + = | nho kiwi = + =, Quy tắc: X Y = + =
Hai kết quả: cá mập + = hải cẩu | rắn hổ mang lê + = cò, Quy tắc: X + = Z Z
Hai kết quả: kiwi - kiwi * + | rắn hổ mang cá voi - rắn hổ mang cá voi * +, Quy tắc: Y - Y * +
Hai kết quả: chuối dâu đen * = dâu ngựa | ngựa vằn * = cò, Quy tắc: Y * = Z
Hai kết quả: lê dưa hấu - + cá voi lê dưa hấu | trâu dưa hấu - + cá voi trâu dưa hấu, Quy tắc: X - + X Y
Hai kết quả: ngựa vằn việt quất ngựa vằn đào = * đào ngựa vằn * | cá voi sư tử chuối = * cá voi *, Quy tắc: Z Y = * Y *
Hai kết quả: = = cobra nho kiwi blackberry kiwi blackberry + | = = chim cánh cụt việt quất +, Quy tắc: = = X Y Y +
Hai kết quả: - dâu tây táo dâu đen * | - cò dâu tây dưa hấu *, Quy tắc: - Z Y *
Hai kết quả: = = chim cánh cụt | = = cá mập cá mập, Quy tắc: = = X X
Hai kết quả: sư tử đào ngựa vằn + táo * | cò hải cẩu trâu + quả việt quất chuột *, Quy tắc: X Y + Z *
Hai kết quả: + chim cánh cụt * cá voi - | + cá mập * chim cánh cụt -, Quy tắc: + Z * X -
Hai kết quả: lê dâu đen lê + rắn hổ mang + | cò + + cò +, Quy tắc: X X + + Z +
Hai kết quả: * * + trâu cá mập | * * + dâu đào cá voi đào, Quy tắc: * * + Z X
Hai kết quả: táo nho đại bàng * = | con dấu sư tử chuối dâu tây * =, Quy tắc: Z X Y * =
Hai kết quả: = + dưa hấu dưa hấu đào + | = + chim cánh cụt ngựa cò +, Quy tắc: = + X Y +
Hai kết quả: + kiwi = chuối kiwi | + đại bàng = đại bàng chuột, Quy tắc: + Y = Z Y
Hai kết quả: - chim cánh cụt dưa hấu blackberry = chim cánh cụt dưa hấu - | - hải cẩu đào dâu đen = đào dâu đen -, Quy tắc: - Z X = X -
Hai kết quả: * dâu tây - dâu tây | * trâu cò - trâu cò, Quy tắc: * Z - Z
Hai kết quả: ngựa vằn kiwi chuối rắn hổ mang + - | dưa hấu chuối cá voi ngựa + -, Quy tắc: Z X + -
Hai kết quả: = + - chim cánh cụt chuột trâu dâu | = + - chim cánh cụt trâu dưa hấu chuột, Quy tắc: = + - X Y
Hai kết quả: * = + trâu táo | * = + hải cẩu đào chuối, Quy tắc: * = + Y X
Hai kết quả: con dấu blackberry + = | chim cánh cụt đại bàng ngựa + =, Quy tắc: Y X + =
Hai kết quả: * nho + lê trâu | * cò + dâu kiwi, Quy tắc: * X + Z
Hai kết quả: - chim cánh cụt đào * chim cánh cụt đào cá voi * | - việt quất * việt quất đen *, Quy tắc: - Y * Z Y *
Hai kết quả: chuối việt quất = = cá voi * chuối việt quất | ngựa = = rắn hổ mang * ngựa, Quy tắc: X = = Z * X
Hai kết quả: * cò việt quất + cá mập đại bàng | * cò blackberry + trâu đen, Quy tắc: * X + Z
Hai kết quả: + đại bàng đào = đại bàng | + chim cánh cụt ngựa vằn kiwi = chim cánh cụt ngựa vằn, Quy tắc: + Y Z = Z
Hai kết quả: nho táo cá voi * nho táo - + | đại bàng dưa hấu cá voi ngựa * ngựa cá voi - +, Quy tắc: Z Y* Y - +
Hai kết quả: - = táo dưa hấu rắn hổ mang chim cánh cụt + | - = nho kiwi +, Quy tắc: - = Y Z +
Hai kết quả: đào sư tử = = | chim cánh cụt lê nho = =, Quy tắc: Z X X = =
Hai kết quả: rắn hổ mang đào + chuối + | rắn hổ mang cá voi + cò nho +, Quy tắc: Y + X +
Hai kết quả: + + = hải cẩu chuột chuối cá mập | + = trâu dâu hải cẩu chuột, Quy tắc: + + = Z Y X
Hai kết quả: blackberry blackberry * * * | rắn hổ mang dưa hấu dưa hấu rắn hổ mang * * * *, Quy tắc: Z Z * * *
Hai kết quả: rắn hổ mang đào táo ngựa - - | rắn hổ mang cá mập việt quất - -, Quy tắc: Z Y - -
Hai kết quả: = - sư tử sư tử đại bàng * | = - rắn hổ mang dâu tây *, Quy tắc: = - X Y Y *
Hai kết quả: + táo lê lê táo lê - | + ngựa vằn -, Quy tắc: + X X -
Hai kết quả: chim cánh cụt táo * - chim cánh cụt | trâu * - ngựa vằn ngựa vằn, Quy tắc: Z * - X X
Hai kết quả: - * * lê táo ngựa | - * * nho chuối trâu, Quy tắc: - * * X Y
Hai kết quả: cá voi đại bàng + = đại bàng | dâu tây cá mập việt quất đen + = việt quất đen, Quy tắc: Z X + = Z
Hai kết quả: chuột chuối chuột ngựa vằn táo = + | đào lê nho cò = +, Quy tắc: Y X Z = +
Hai kết quả: - cá voi đào + cá voi đào - | - sư tử chim cánh cụt + sư tử chim cánh cụt -, Quy tắc: - Z + Z -
Hai kết quả: chuột đào trâu + = | rắn hổ mang cá voi dâu tây + =, Quy tắc: X Z + =
Hai kết quả: = sư tử chim cánh cụt sư tử chim cánh cụt = | = quả việt quất táo việt quất táo =, Quy tắc: = X X =
Hai kết quả: trâu trâu * - * đào kiwi | đào * - * cá mập, Quy tắc: Z * - * Y
Hai kết quả: chuối cá voi * - + chuối cá voi táo | dưa hấu dâu tây * - + táo cá voi dâu dưa hấu, Quy tắc: X * - + Y X
Hai kết quả: + rắn hổ mang chim cánh cụt + + chim cánh cụt rắn hổ mang dâu tây | + cò nho + cá voi nho cò, Quy tắc: + Y + Y Z
Hai kết quả: chim cánh cụt táo + * con dấu chim cánh cụt táo chuột | con dấu + * con dấu đào, Quy tắc: Z + * Z X
Hai kết quả: + cò dưa hấu = - cò dưa hấu | + hải cẩu nho = - hải cẩu nho, Quy tắc: + X = - X
Hai kết quả: táo = * = chuột | lê trâu = * = lê, Quy tắc: X = * = Z
Hai kết quả: - chuột rắn hổ mang cá mập kiwi rat = - | - apple eagle penguin lion blueberry = -, Quy tắc: - Z Y X = -
Hai kết quả: * = táo trâu * cá mập chuối | * = táo đại bàng * đại bàng, Quy tắc: * = X * Y
Hai kết quả: táo đào táo đào cá voi việt quất + | kiwi chuối kiwi chuối ngựa +, Quy tắc: Y Y Z + +
Hai kết quả: rắn hổ mang - cá mập cá mập * ngựa vằn = | chuột việt quất - chuột * nho việt quất =, Quy tắc: X - Y * Z =
Hai kết quả: + hải cẩu sư tử hải cẩu * dâu tây * | + việt quất việt quất * cá voi *, Quy tắc: + X X * Y *
Hai kết quả: = hải cẩu chim cánh cụt + | = cá mập dưa hấu +, Quy tắc: = Z Y +
Hai kết quả: = ngựa vằn - * cò ngựa vằn | = hải cẩu dưa hấu - * hải cẩu cò dưa hấu, Quy tắc: = Y - * Y X
Hai kết quả: con dấu * + kiwi chuối ngựa vằn | cá voi kiwi * + ngựa táo rắn hổ mang đào, Quy tắc: Z * + X Y
Hai kết quả: - cò ngựa vằn kiwi cò kiwi * * | - chuột ngựa vằn cá mập chuột vằn * *, Quy tắc: - Z X X * *
Hai kết quả: trâu * - = ngựa ngựa | cò đào * - = chim cánh cụt ngựa, Quy tắc: Y * - = Z
Hai kết quả: ngựa đào * * + hải cẩu dâu tây | sư tử dâu đen * * + chim cánh cụt ngựa vằn, Quy tắc: Z * * + X
Hai kết quả: + * * kiwi sư tử trâu sư tử | + * * táo dâu đen hải cẩu trâu, Quy tắc: + * * X Y Z
Hai kết quả: + + = rắn hổ mang kiwi | + + = lê việt quất, Quy tắc: + + = Z Y
Hai kết quả: - + kiwi lê + | - + chim cánh cụt nho ngựa +, Quy tắc: - + X Y +
Hai kết quả: dâu tây - - + lê ngựa vằn đại bàng | kiwi táo - - + chim cánh cụt dưa hấu trâu, Quy tắc: Z - - - + Y X
Hai kết quả: * - kiwi dâu = kiwi | * - cá mập ngựa việt quất = cá mập ngựa, Quy tắc: * - Z Y = Y
Hai kết quả: + - - đại bàng táo đại bàng táo táo đại bàng táo | + - - rắn hổ mang rắn hổ mang, Quy tắc: + - - Y Y Y
Hai kết quả: - - = cá mập cá mập | - - = nho nho, Quy tắc: - - = X X
Hai kết quả: + rắn hổ mang = dưa hấu | + blackberry kiwi blackberry kiwi = blackberry kiwi, Quy tắc: + X X = Y
Hai kết quả: = + sư tử sư tử sư tử sư tử - | = + sư tử trâu sư tử trâu -, Quy tắc: = + Z Z -
Hai kết quả: + blackberry * = cá voi chim cánh cụt | + lê * = cá mập nho việt quất, Quy tắc: + Z * = Y X
Hai kết quả: blackberry = * sư tử | cá voi chim cánh cụt = * táo, Quy tắc: Z = * X
Hai kết quả: táo cá voi + * - cá voi | rắn hổ mang lê + * - rắn hổ mang, Quy tắc: X Z + * - X
Hai kết quả: * - * sư tử dưa hấu dưa hấu ngựa vằn sư tử dưa hấu | * - * cò ngựa vằn sư tử cò ngựa vằn, Quy tắc: * - * Z X Z
Hai kết quả: chim cánh cụt + - + blackberry | ngựa + - + chim cánh cụt đào, Quy tắc: X + - + Z
Hai kết quả: sư tử ngựa vằn sư tử ngựa vằn - = trâu = | lê lê - = cò ngựa vằn =, Quy tắc: X X - = Y =
Hai kết quả: = - chuột chim cánh cụt đào | = - quả việt quất chuột, Quy tắc: = - X Z
Hai kết quả: cá voi nho = dưa hấu kiwi | dâu tây = blackberry seal, Quy tắc: Z = Y
Hai kết quả: * rắn hổ mang + - cò | * dâu đen + - chuột trâu, Quy tắc: * Y + - Z
Hai kết quả: - * - cò dưa hấu đại bàng cò dưa hấu | - * - lê kiwi lê, Quy tắc: - * - Y X Y
Hai kết quả: chim cánh cụt hải cầu* cá voi việt quất đen * | trâu đen * cá mập chuối cá mập *, Quy tắc: X * Y Z *
Hai kết quả: * * + cá voi đen | * * + quả việt quất ngựa vằn lê kiwi, Quy tắc: * * + Z X
Hai kết quả: * lê * lê táo + | * cá mập * lê cá mập +, Quy tắc: * Y * Y Z +
Hai kết quả: = con dấu kiwi - con dấu | = lê - ngựa, Quy tắc: = Z - X
Hai kết quả: cá voi hải cẩu * = hải cẩu ngựa hải cẩu | hải cẩu dâu tây * = rắn hổ mang dưa hấu dưa hấu rắn hổ mang, Quy tắc: X * = Y Y
Hai kết quả: việt quất = * việt quất việt quất | chuối nho = * chuối nho chuối nho chuối, Quy tắc: X = * X X
Hai kết quả: ngựa vằn ngựa vằn - rắn hổ mang nho = * đại bàng dưa hấu | ngựa lê - ngựa vằn cá voi = * dâu chim cánh cụt, Quy tắc: Z - Y = * X
Hai kết quả: cá mập đào + * = | chuối nho ngựa vằn + * =, Quy tắc: X Y + * =
Hai kết quả: = * trâu trâu * | = * dâu tây *, Quy tắc: = * Y Y *
Hai kết quả: - cá mập táo = cá mập táo ngựa vằn | - đại bàng = đại bàng sư tử, Quy tắc: - Z = Y Z
Hai kết quả: - = * dưa hấu chuối dưa hấu | - = * kiwi cá voi chuột, Quy tắc: - = * X Z
Hai kết quả: - dưa hấu ngựa vằn * cá mập kiwi cá mập kiwi = | - rắn hổ mang chim cánh cụt * sư tử sư tử =, Quy tắc: - X * Y Y =